ageCat2,sex,raceEthnicity,p.lwr,p.upr,p,se,n,neff,ageCat,health_outcome
18-34,Male,"Multiracial, other, or missing",0.03194477674437426,0.06487494144749295,0.0463963724723628,0.00798163408710014,985,804.5411017818545,NA,cvd
35-49,Male,"Multiracial, other, or missing",0.042735035358088085,0.08183967935285064,0.06012307187779248,0.00951792498062678,978,782.2964079014054,NA,cvd
50-64,Male,"Multiracial, other, or missing",0.1401751452801994,0.21781355648205603,0.17652519076463516,0.01913371718825461,524,414.11819002161434,NA,cvd
65+,Male,"Multiracial, other, or missing",0.2694096226483953,0.5179768633857922,0.38838645642653447,0.0604438703874123,85,64.52683393286542,NA,cvd
18-34,Female,"Multiracial, other, or missing",0.015031312550331645,0.05112451882117375,0.029315889318051614,0.0083903945636161,449,258.3226603517595,NA,cvd
35-49,Female,"Multiracial, other, or missing",0.056443415791220364,0.15854880986852882,0.09917340920648389,0.024133974978236675,414,239.21467172242077,NA,cvd
50-64,Female,"Multiracial, other, or missing",0.16235742210325882,0.3397182936589809,0.2430522664440634,0.04277856134629132,162,85.7410059425899,NA,cvd
65+,Female,"Multiracial, other, or missing",4.105234444294072e-4,0.2660443594855547,0.04461178842517008,0.050006590405169526,12,6.493461713758807,NA,cvd
18-34,Male,White (NH),0.0320709406887444,0.05416033343465676,0.042100817829198244,0.005418773247668347,1794,1254.1334122069939,NA,cvd
35-49,Male,White (NH),0.04540378441553425,0.07153070698654607,0.057440938928373236,0.006438018275796657,1966,1502.4110154243158,NA,cvd
50-64,Male,White (NH),0.15385196867676598,0.20560034022644347,0.17863812724208003,0.012873071101235542,1214,898.8937434085648,NA,cvd
65+,Male,White (NH),0.3030151120204814,0.4447363499084497,0.3718440749046244,0.034875343900845436,287,219.0423204268562,NA,cvd
18-34,Female,White (NH),0.021830681534531226,0.055360828593794986,0.035906860753665226,0.007938787219590819,1304,760.4856928006569,NA,cvd
35-49,Female,White (NH),0.06509790263976382,0.10569308825429369,0.08375406814853675,0.009900861625608215,1257,725.0703832183957,NA,cvd
50-64,Female,White (NH),0.09228764459024989,0.1956493989069985,0.13808546272258318,0.02482894702373309,487,248.0688649552022,NA,cvd
65+,Female,White (NH),0.16194784410011281,0.45549863846700533,0.2931764712401023,0.06989862946823648,58,27.45725461626844,NA,cvd
18-34,Male,Black (NH),0.019779071864151194,0.03439388618533268,0.026365987947668854,0.003577362595010815,2657,2168.939776792268,NA,cvd
35-49,Male,Black (NH),0.038600958528274255,0.057978876351191255,0.04759877441088473,0.004789226949637879,2386,1962.754295965203,NA,cvd
50-64,Male,Black (NH),0.09981619224752833,0.14103107699547723,0.11928464131173616,0.01022233502789404,1105,942.786594567895,NA,cvd
65+,Male,Black (NH),0.1661448656987846,0.34362780399005033,0.24709863211305663,0.04303574582595006,111,86.48175974595883,NA,cvd
18-34,Female,Black (NH),0.0069371210862947345,0.04699395202426615,0.020710089860438843,0.008894322899817453,496,251.03276651973593,NA,cvd
35-49,Female,Black (NH),0.021800556485864684,0.06794817123619379,0.04043795475066671,0.010792816497197991,452,233.34509834410227,NA,cvd
50-64,Female,Black (NH),0.09070319786819969,0.21297191040286256,0.1440627698962125,0.029199769628642687,215,131.99279542258319,NA,cvd
65+,Female,Black (NH),0.11665792836088303,0.8107023124961541,0.4419740190215881,0.1765416015478137,15,10.34216055276245,NA,cvd
18-34,Male,Hispanic,0.013097837790107456,0.02787881529579639,0.0194975311607824,0.003568682098061986,1948,1523.6558349676422,NA,cvd
35-49,Male,Hispanic,0.037305002077616944,0.059663231590497245,0.04756670782522814,0.005503092834246197,1766,1450.3176749282768,NA,cvd
50-64,Male,Hispanic,0.1051436893990315,0.17442401544331776,0.13708243620489483,0.01699715843991299,612,470.9351930261832,NA,cvd
65+,Male,Hispanic,0.18058554038944472,0.38592144581570786,0.2745780964131374,0.04961444634000244,86,72.91765655831665,NA,cvd
18-34,Female,Hispanic,0.016990490923112597,0.0517045772631477,0.03103942933755566,0.008124463743055851,501,282.2348826195054,NA,cvd
35-49,Female,Hispanic,0.03235807758284391,0.10907070358407966,0.06308782971203498,0.017864065594352073,351,193.25039594899968,NA,cvd
50-64,Female,Hispanic,0.07553856300116372,0.24486504125795971,0.1457370823881879,0.039569381083254036,110,57.84160207169578,NA,cvd
65+,Female,Hispanic,3.838879002797622e-17,0.8447953847066239,0.04710423395247772,0.1165699436118697,6,1.9677788526763251,NA,cvd
18-34,Male,"Multiracial, other, or missing",0.14163189213281774,0.19675556426098395,0.1678559457443142,0.013681296265513326,985,804.5411017818545,NA,hypertension
35-49,Male,"Multiracial, other, or missing",0.27459727735792927,0.3460410156054491,0.30947338496794163,0.01781422232782807,978,782.2964079014054,NA,hypertension
50-64,Male,"Multiracial, other, or missing",0.4751793334471181,0.5743900207925534,0.52496755941233,0.02467445529918576,524,414.11819002161434,NA,hypertension
65+,Male,"Multiracial, other, or missing",0.6594265293358001,0.8734179290645516,0.7798505749807167,0.05130677694154862,85,64.52683393286542,NA,hypertension
18-34,Female,"Multiracial, other, or missing",0.11699482377639125,0.21471445741719397,0.1614976923413452,0.023661478678543946,449,258.3226603517595,NA,hypertension
35-49,Female,"Multiracial, other, or missing",0.27618123973750736,0.391191213713562,0.33183287179117926,0.02823008354379595,414,239.21467172242077,NA,hypertension
50-64,Female,"Multiracial, other, or missing",0.46047869082491255,0.7342983033532182,0.6032991851463424,0.06620266952457467,162,85.7410059425899,NA,hypertension
65+,Female,"Multiracial, other, or missing",0.07021039103983387,0.9711669328118403,0.570061659957783,0.27290785710654497,12,6.493461713758807,NA,hypertension
18-34,Male,White (NH),0.11708006547817708,0.1589661654550425,0.13702465585051335,0.010414601252623338,1794,1254.1334122069939,NA,hypertension
35-49,Male,White (NH),0.25581969561001167,0.29923128254423503,0.2771341434833247,0.010887102107113683,1966,1502.4110154243158,NA,hypertension
50-64,Male,White (NH),0.42794426043743283,0.5082569605463438,0.4679461273931136,0.020037323214931756,1214,898.8937434085648,NA,hypertension
65+,Male,White (NH),0.5931925257074742,0.7209507661010652,0.6592055250608994,0.03147553752678971,287,219.0423204268562,NA,hypertension
18-34,Female,White (NH),0.07883881302853482,0.1190014356512501,0.09756068570167312,0.009836206086064829,1304,760.4856928006569,NA,hypertension
35-49,Female,White (NH),0.21210245697083627,0.272229597869036,0.24121628365539052,0.014863341547057153,1257,725.0703832183957,NA,hypertension
50-64,Female,White (NH),0.39586310292293814,0.5085579528238873,0.45175220200434407,0.027745039821156267,487,248.0688649552022,NA,hypertension
65+,Female,White (NH),0.7678441008591915,0.9515913608902605,0.8809401806247786,0.0422491240077147,58,27.45725461626844,NA,hypertension
18-34,Male,Black (NH),0.1421435984305078,0.17632660261508637,0.15867867513463707,0.00854722224839315,2657,2168.939776792268,NA,hypertension
35-49,Male,Black (NH),0.3424699990080974,0.38988078605141663,0.3659327919595347,0.011896903115393102,2386,1962.754295965203,NA,hypertension
50-64,Male,Black (NH),0.5443916989235552,0.6108968553772729,0.5779075013640548,0.016632776954018973,1105,942.786594567895,NA,hypertension
65+,Male,Black (NH),0.6794708341359348,0.8602829028886136,0.7794979330186028,0.04363171675546412,111,86.48175974595883,NA,hypertension
18-34,Female,Black (NH),0.11330547118492101,0.2525924314173086,0.17505343717817742,0.03337363928309813,496,251.03276651973593,NA,hypertension
35-49,Female,Black (NH),0.40076354855749524,0.5448217559341351,0.4723678250262304,0.035272008322022,452,233.34509834410227,NA,hypertension
50-64,Female,Black (NH),0.6439365577892395,0.8204636129583665,0.7392475514540274,0.0425726776526132,215,131.99279542258319,NA,hypertension
65+,Female,Black (NH),0.5933282955461061,0.9940968076869937,0.8934218688760657,0.08609821130239943,15,10.34216055276245,NA,hypertension
18-34,Male,Hispanic,0.10297585002460796,0.143027217953144,0.12195273029916741,0.009941608200173343,1948,1523.6558349676422,NA,hypertension
35-49,Male,Hispanic,0.20528274132114252,0.2558487484235601,0.2298394824115648,0.012627499615660436,1766,1450.3176749282768,NA,hypertension
50-64,Male,Hispanic,0.4229541094927764,0.5069678390376934,0.46477513636550677,0.02093607214263289,612,470.9351930261832,NA,hypertension
65+,Male,Hispanic,0.5604222507202612,0.7766631236133594,0.6753686613325757,0.052429421799551644,86,72.91765655831665,NA,hypertension
18-34,Female,Hispanic,0.0748319501660826,0.14579063523412428,0.1065273530043217,0.01710956509359476,501,282.2348826195054,NA,hypertension
35-49,Female,Hispanic,0.1530782199593918,0.2914391142526225,0.21642089014668947,0.0333853210242601,351,193.25039594899968,NA,hypertension
50-64,Female,Hispanic,0.43176609525854226,0.6479133510823232,0.5412646325177463,0.05211087149623945,110,57.84160207169578,NA,hypertension
65+,Female,Hispanic,0.0015849498434573122,1,0.8537850315409591,0.34559186144660753,6,1.9677788526763251,NA,hypertension
18-34,Male,"Multiracial, other, or missing",0.01253594675083911,0.03270797484237864,0.020929557338889283,0.004806429138824665,985,804.5411017818545,NA,diabetes
35-49,Male,"Multiracial, other, or missing",0.05646824360570202,0.09497455216948858,0.0740330352967345,0.009451133141029586,978,782.2964079014054,NA,diabetes
50-64,Male,"Multiracial, other, or missing",0.15559740627659138,0.230643680364904,0.19104309371407838,0.01854622633378867,524,414.11819002161434,NA,diabetes
65+,Male,"Multiracial, other, or missing",0.27073358063629216,0.5428479023668498,0.4012290472278772,0.06609785432556345,85,64.52683393286542,NA,diabetes
18-34,Female,"Multiracial, other, or missing",0.021726520412520014,0.07687783503711676,0.04348100843363522,0.012803543136435377,449,258.3226603517595,NA,diabetes
35-49,Female,"Multiracial, other, or missing",0.11275438824807539,0.18839792707429792,0.1476379542519347,0.018432232533311492,414,239.21467172242077,NA,diabetes
50-64,Female,"Multiracial, other, or missing",0.11063328311466679,0.25635547579479323,0.17485513577602135,0.034941279930547575,162,85.7410059425899,NA,diabetes
65+,Female,"Multiracial, other, or missing",0.0027179272634742344,0.7304709362786386,0.1876809356230478,0.18299980898472035,12,6.493461713758807,NA,diabetes
18-34,Male,White (NH),0.009765346753972323,0.025845445900259945,0.016430731277552495,0.003826559665358263,1794,1254.1334122069939,NA,diabetes
35-49,Male,White (NH),0.05743983758859131,0.08231769435050285,0.06911227003599232,0.0061682333434791735,1966,1502.4110154243158,NA,diabetes
50-64,Male,White (NH),0.1228866506970186,0.16809403776753273,0.14440024626752263,0.011233640616223766,1214,898.8937434085648,NA,diabetes
65+,Male,White (NH),0.18874570410003122,0.3208834589749634,0.250562701644563,0.03232156745606876,287,219.0423204268562,NA,diabetes
18-34,Female,White (NH),0.015463134505245642,0.0353975420141428,0.023979010906086035,0.004750462116063683,1304,760.4856928006569,NA,diabetes
35-49,Female,White (NH),0.06302804566355409,0.10954695466176656,0.08415168289492159,0.011295887097134746,1257,725.0703832183957,NA,diabetes
50-64,Female,White (NH),0.0821760853777143,0.15349203787124355,0.11430291046703894,0.01725499481516448,487,248.0688649552022,NA,diabetes
65+,Female,White (NH),0.09603511385415975,0.5083045946914782,0.26566936019318016,0.09759253306336507,58,27.45725461626844,NA,diabetes
18-34,Male,Black (NH),0.012388076093480348,0.02237741136297622,0.016852049819151626,0.002438923111677382,2657,2168.939776792268,NA,diabetes
35-49,Male,Black (NH),0.06593995246714675,0.08869940841028434,0.07674555352497772,0.005664915105629106,2386,1962.754295965203,NA,diabetes
50-64,Male,Black (NH),0.1593192014538806,0.20851651374066937,0.182964625005732,0.012254580980436828,1105,942.786594567895,NA,diabetes
65+,Male,Black (NH),0.20692177160604067,0.4464917932117003,0.3179354847196095,0.05805645085839025,111,86.48175974595883,NA,diabetes
18-34,Female,Black (NH),0.03082957051582725,0.08112747380417318,0.05187290240158659,0.011897953413296114,496,251.03276651973593,NA,diabetes
35-49,Female,Black (NH),0.13981043715292088,0.23265579488501964,0.1828770669953627,0.022599133174553036,452,233.34509834410227,NA,diabetes
50-64,Female,Black (NH),0.19315514568777747,0.33148400111342136,0.2578833602864566,0.03359363116665504,215,131.99279542258319,NA,diabetes
65+,Female,Black (NH),0.14422811329972268,0.7949745758739707,0.4550716697989529,0.16300216905011672,15,10.34216055276245,NA,diabetes
18-34,Male,Hispanic,0.013446757159356922,0.04040783400486658,0.0243657736130801,0.006361447592084088,1948,1523.6558349676422,NA,diabetes
35-49,Male,Hispanic,0.06615462210671975,0.09591114053063654,0.08010044967505672,0.007369695140380275,1766,1450.3176749282768,NA,diabetes
50-64,Male,Hispanic,0.18186409009842425,0.25380177972526297,0.2162294453677539,0.017825559386008265,612,470.9351930261832,NA,diabetes
65+,Male,Hispanic,0.22186374639356676,0.4577220930206254,0.33211717483830433,0.057098691011863364,86,72.91765655831665,NA,diabetes
18-34,Female,Hispanic,0.01198036311431228,0.06338792238021007,0.030634984144215432,0.01161328151432183,501,282.2348826195054,NA,diabetes
35-49,Female,Hispanic,0.06956234928891687,0.12831049047736487,0.09600737469492748,0.014200121642898522,351,193.25039594899968,NA,diabetes
50-64,Female,Hispanic,0.11499209150562373,0.36734818917918033,0.2229468436470874,0.05939840131334391,110,57.84160207169578,NA,diabetes
65+,Female,Hispanic,0,1,0,0,6,1.9677788526763251,NA,diabetes
18-34,Male,"Multiracial, other, or missing",0.03035403610629119,0.05883813362915469,0.042957866010688406,0.006924988478734152,985,804.5411017818545,NA,kidney
35-49,Male,"Multiracial, other, or missing",0.03630801287772941,0.06706824750439488,0.05005693411478753,0.007504407084610387,978,782.2964079014054,NA,kidney
50-64,Male,"Multiracial, other, or missing",0.06943337317323733,0.12615807614188812,0.09503089140819672,0.013852691838090125,524,414.11819002161434,NA,kidney
65+,Male,"Multiracial, other, or missing",0.09169220964189478,0.3200538283156249,0.18677396806994212,0.054149729887933706,85,64.52683393286542,NA,kidney
18-34,Female,"Multiracial, other, or missing",0.04751155155037201,0.12830800599956016,0.0813997386885502,0.019110354841423132,449,258.3226603517595,NA,kidney
35-49,Female,"Multiracial, other, or missing",0.07070003031736438,0.14866706422005682,0.10506207298295572,0.018738142479852917,414,239.21467172242077,NA,kidney
50-64,Female,"Multiracial, other, or missing",0.0763479737812362,0.203985477745814,0.1306972052811019,0.0303449379299218,162,85.7410059425899,NA,kidney
65+,Female,"Multiracial, other, or missing",0,0.4620031860114594,0,0,12,6.493461713758807,NA,kidney
18-34,Male,White (NH),0.03155684834105462,0.05486598262447595,0.042082908582426415,0.00570693920746836,1794,1254.1334122069939,NA,kidney
35-49,Male,White (NH),0.03984792278107148,0.06367499212284444,0.05078926191426502,0.005866086385465539,1966,1502.4110154243158,NA,kidney
50-64,Male,White (NH),0.06434306970650394,0.09966010340812548,0.08070372119724357,0.008710740174780072,1214,898.8937434085648,NA,kidney
65+,Male,White (NH),0.10384577596751926,0.19844657076555283,0.14654021179336457,0.022999910749464947,287,219.0423204268562,NA,kidney
18-34,Female,White (NH),0.06476058197489416,0.11087175360840518,0.08575952458737919,0.011202420372574833,1304,760.4856928006569,NA,kidney
35-49,Female,White (NH),0.06446106039053412,0.10049504695608891,0.08113538958727246,0.008811914027099622,1257,725.0703832183957,NA,kidney
50-64,Female,White (NH),0.05827370390154996,0.10615395863531052,0.07982155361057101,0.011602806104519702,487,248.0688649552022,NA,kidney
65+,Female,White (NH),0.032808307424626246,0.23150017900183772,0.10377699055001413,0.044849938669913714,58,27.45725461626844,NA,kidney
18-34,Male,Black (NH),0.011918008709405781,0.022857639379229244,0.016749872044983998,0.0026601015044435713,2657,2168.939776792268,NA,kidney
35-49,Male,Black (NH),0.02706727943907691,0.04332053744927533,0.03451586091260183,0.004000380086930372,2386,1962.754295965203,NA,kidney
50-64,Male,Black (NH),0.07168018552970727,0.1111183689609796,0.0899651325550583,0.009725401031473561,1105,942.786594567895,NA,kidney
65+,Male,Black (NH),0.05928703551481117,0.20651034832192072,0.1190324642120553,0.034690290583458815,111,86.48175974595883,NA,kidney
18-34,Female,Black (NH),0.009844305408386829,0.03361308979571176,0.019215827091501506,0.005518208179714007,496,251.03276651973593,NA,kidney
35-49,Female,Black (NH),0.020497063084482608,0.08445537460126606,0.04500805062444093,0.014707128965624745,452,233.34509834410227,NA,kidney
50-64,Female,Black (NH),0.11861844355614982,0.26967576866331533,0.1855649646388727,0.03616930337210314,215,131.99279542258319,NA,kidney
65+,Female,Black (NH),3.7883297468376367e-4,0.1660616687550489,0.02826222493398192,0.030032733015715976,15,10.34216055276245,NA,kidney
18-34,Male,Hispanic,0.01868470445080099,0.03352293286552932,0.025331447024258207,0.0036241532064765058,1948,1523.6558349676422,NA,kidney
35-49,Male,Hispanic,0.03398046206127744,0.05556253784323184,0.043841270656578266,0.005304373867565503,1766,1450.3176749282768,NA,kidney
50-64,Male,Hispanic,0.06528892367906114,0.12154250091221253,0.09054881480176932,0.01370522644718718,612,470.9351930261832,NA,kidney
65+,Male,Hispanic,0.1036643569072504,0.26986967577849374,0.1756550517528688,0.03972917621508779,86,72.91765655831665,NA,kidney
18-34,Female,Hispanic,0.030690527603016104,0.08196546376919511,0.052083808370389825,0.012113577500244476,501,282.2348826195054,NA,kidney
35-49,Female,Hispanic,0.03850600630128534,0.15034208355481504,0.08240034615939924,0.025878500809637817,351,193.25039594899968,NA,kidney
50-64,Female,Hispanic,0.047673913972410914,0.27164082734720296,0.13191399863216033,0.051135536741281774,110,57.84160207169578,NA,kidney
65+,Female,Hispanic,0,1,0,0,6,1.9677788526763251,NA,kidney
18-34,Male,"Multiracial, other, or missing",0.19342786727436095,0.24874595390808796,0.2201601076814657,0.013790934332296173,985,804.5411017818545,NA,asthma
35-49,Male,"Multiracial, other, or missing",0.12444528514635327,0.17496904073888464,0.14839288736366035,0.01253670543802678,978,782.2964079014054,NA,asthma
50-64,Male,"Multiracial, other, or missing",0.1670031858194649,0.24921095585237263,0.2058644276570765,0.020303194550928206,524,414.11819002161434,NA,asthma
65+,Male,"Multiracial, other, or missing",0.16854432658570206,0.3876919976068577,0.26780526998751086,0.052921166500245996,85,64.52683393286542,NA,asthma
18-34,Female,"Multiracial, other, or missing",0.21368926099407567,0.3225390417177755,0.26548816641772005,0.026629654618154162,449,258.3226603517595,NA,asthma
35-49,Female,"Multiracial, other, or missing",0.20812163284612514,0.32797667225396687,0.2648581536687714,0.029268390542016957,414,239.21467172242077,NA,asthma
50-64,Female,"Multiracial, other, or missing",0.29122263275674687,0.547734572865553,0.4152792394029298,0.062133307378697315,162,85.7410059425899,NA,asthma
65+,Female,"Multiracial, other, or missing",0.010602026216069102,0.9304293116354624,0.3714378218887542,0.2889297971874479,12,6.493461713758807,NA,asthma
18-34,Male,White (NH),0.12341421756791288,0.16095144167950637,0.14140965981508194,0.0093582572768525,1794,1254.1334122069939,NA,asthma
35-49,Male,White (NH),0.10511850840497645,0.13863234376242595,0.1211331535325193,0.00835080199223436,1966,1502.4110154243158,NA,asthma
50-64,Male,White (NH),0.12290756755270846,0.16571651639018137,0.14332471861500848,0.010648111394952727,1214,898.8937434085648,NA,asthma
65+,Male,White (NH),0.11000162931888978,0.20891981571387508,0.15475550975393149,0.024058426417103193,287,219.0423204268562,NA,asthma
18-34,Female,White (NH),0.16316248773272812,0.227627468844678,0.19388858553601157,0.01585009910665482,1304,760.4856928006569,NA,asthma
35-49,Female,White (NH),0.18834568173469374,0.2493542682404294,0.21770527527855335,0.01505454537694051,1257,725.0703832183957,NA,asthma
50-64,Female,White (NH),0.14691187925211313,0.2809364392940882,0.20812498053215586,0.032388206795349,487,248.0688649552022,NA,asthma
65+,Female,White (NH),0.1051646850954491,0.42070699889535046,0.23714699351722787,0.07431770193800194,58,27.45725461626844,NA,asthma
18-34,Male,Black (NH),0.16793075111550596,0.20259898984497604,0.18479589228206508,0.008682830648893834,2657,2168.939776792268,NA,asthma
35-49,Male,Black (NH),0.14558868828077048,0.18251538560817593,0.16342717796083442,0.00922569759337254,2386,1962.754295965203,NA,asthma
50-64,Male,Black (NH),0.10640429992501889,0.1530142677874613,0.12837557696003388,0.011545687701379275,1105,942.786594567895,NA,asthma
65+,Male,Black (NH),0.08574917409206616,0.27193350535960004,0.16369934330131622,0.04422189460450738,111,86.48175974595883,NA,asthma
18-34,Female,Black (NH),0.19219139627274634,0.27517016833796515,0.23176386310088168,0.020373735656325283,496,251.03276651973593,NA,asthma
35-49,Female,Black (NH),0.1794280449507845,0.3051046924252926,0.23808597449988003,0.030537602234797737,452,233.34509834410227,NA,asthma
50-64,Female,Black (NH),0.17270076559474096,0.44904488280951316,0.29747060136303183,0.06612724345777943,215,131.99279542258319,NA,asthma
65+,Female,Black (NH),0.07081316113939126,0.7808531498020361,0.37406547920435074,0.18151712508000567,15,10.34216055276245,NA,asthma
18-34,Male,Hispanic,0.12696335763622182,0.17324760549890694,0.14900646962289762,0.011498292289555902,1948,1523.6558349676422,NA,asthma
35-49,Male,Hispanic,0.09154056831316168,0.12837858502072608,0.10894769490538123,0.009140682959536147,1766,1450.3176749282768,NA,asthma
50-64,Male,Hispanic,0.11159398303215246,0.1784281607180067,0.1426112851317461,0.01643387568383052,612,470.9351930261832,NA,asthma
65+,Male,Hispanic,0.05831976700045919,0.22303934121170843,0.12425271256995384,0.03857153554900067,86,72.91765655831665,NA,asthma
18-34,Female,Hispanic,0.17903328934157706,0.29365714292682643,0.23273466573455895,0.027902179484814542,501,282.2348826195054,NA,asthma
35-49,Female,Hispanic,0.1569710547596932,0.2854273061412289,0.21614754592827656,0.031069355183088357,351,193.25039594899968,NA,asthma
50-64,Female,Hispanic,0.12610509836693173,0.31797804003213526,0.21048262884163788,0.04547498937045437,110,57.84160207169578,NA,asthma
65+,Female,Hispanic,0,1,0,0,6,1.9677788526763251,NA,asthma
18-34,Male,"Multiracial, other, or missing",0.0015359895529880102,0.01626042980393172,0.0061225238717365835,0.0031872313141045913,985,804.5411017818545,NA,stroke
35-49,Male,"Multiracial, other, or missing",0.013051092179504222,0.03597651367376131,0.022490835916221336,0.005444315153258232,978,782.2964079014054,NA,stroke
50-64,Male,"Multiracial, other, or missing",0.07365410311785339,0.1296935935614285,0.09909582901497942,0.01371218198900515,524,414.11819002161434,NA,stroke
65+,Male,"Multiracial, other, or missing",0.035821365102601636,0.1743911574451189,0.08821587882652507,0.03199669135111943,85,64.52683393286542,NA,stroke
18-34,Female,"Multiracial, other, or missing",0.005317800889241503,0.031065513052247584,0.014411742689138337,0.00576576901077182,449,258.3226603517595,NA,stroke
35-49,Female,"Multiracial, other, or missing",0.03236038574119848,0.10717331526218832,0.0624217721417771,0.0174772532248152,414,239.21467172242077,NA,stroke
50-64,Female,"Multiracial, other, or missing",0.07986819404757994,0.2549030243101543,0.15279446634724145,0.04132902606676093,162,85.7410059425899,NA,stroke
65+,Female,"Multiracial, other, or missing",0,0.4620031860114594,0,0,12,6.493461713758807,NA,stroke
18-34,Male,White (NH),0.004684246510998846,0.014944273661559815,0.008773053477551312,0.0024096708758629304,1794,1254.1334122069939,NA,stroke
35-49,Male,White (NH),0.017945706129844828,0.03286807039826334,0.024603024689746424,0.003640876456514958,1966,1502.4110154243158,NA,stroke
50-64,Male,White (NH),0.050346149028961125,0.08338367258818102,0.0654425466013001,0.00811378522650045,1214,898.8937434085648,NA,stroke
65+,Male,White (NH),0.10309734586840225,0.1960352011155586,0.1450635399295764,0.022602018768337413,287,219.0423204268562,NA,stroke
18-34,Female,White (NH),0.006748784106166594,0.020180327880083837,0.012176693425789366,0.003142117953464384,1304,760.4856928006569,NA,stroke
35-49,Female,White (NH),0.012333549985981155,0.037727568107485565,0.022576972933254,0.005937736197842828,1257,725.0703832183957,NA,stroke
50-64,Female,White (NH),0.049025907288656655,0.12046484034834315,0.07949075206106805,0.016994761257131195,487,248.0688649552022,NA,stroke
65+,Female,White (NH),0.05277385873434493,0.28207222290820033,0.14030456972070354,0.05273107726417001,58,27.45725461626844,NA,stroke
18-34,Male,Black (NH),0.0029682115116227512,0.010248926994635865,0.005821136939211125,0.0016997859119435165,2657,2168.939776792268,NA,stroke
35-49,Male,Black (NH),0.01476909932651351,0.029206870861707035,0.021112156306904856,0.0035034380643989738,2386,1962.754295965203,NA,stroke
50-64,Male,Black (NH),0.034451260132304574,0.0614295178680444,0.0465837691560381,0.006593843416581652,1105,942.786594567895,NA,stroke
65+,Male,Black (NH),0.027729455614006117,0.14517961145689717,0.07121806321727739,0.02695124760152487,111,86.48175974595883,NA,stroke
18-34,Female,Black (NH),0.0017957581015251357,0.018787090830158504,0.007104545069322302,0.003653379747902724,496,251.03276651973593,NA,stroke
35-49,Female,Black (NH),0.010365480745650732,0.0642640849359778,0.02930866407221101,0.012056994971604338,452,233.34509834410227,NA,stroke
50-64,Female,Black (NH),0.04011414851084893,0.14162487767435827,0.08066445012117576,0.023642879157177638,215,131.99279542258319,NA,stroke
65+,Female,Black (NH),0.004354643314655321,0.2850476885032547,0.07174917138489095,0.057887973465462046,15,10.34216055276245,NA,stroke
18-34,Male,Hispanic,0.002113562500609192,0.010626101003373245,0.00520154956823298,0.001936145049241861,1948,1523.6558349676422,NA,stroke
35-49,Male,Hispanic,0.014808793403895027,0.030554087415969322,0.0216700372939351,0.0038100640142250033,1766,1450.3176749282768,NA,stroke
50-64,Male,Hispanic,0.04690088234698298,0.09546472771142189,0.06828332568430005,0.011764397818482574,612,470.9351930261832,NA,stroke
65+,Male,Hispanic,0.03288166624773641,0.1864486072675583,0.08942149392653968,0.03513873776277498,86,72.91765655831665,NA,stroke
18-34,Female,Hispanic,0.004053892075386266,0.03767145558340679,0.014865258402575078,0.0073011621317286704,501,282.2348826195054,NA,stroke
35-49,Female,Hispanic,0.01156934642048462,0.06705520249789321,0.03135097486370706,0.012454669769375693,351,193.25039594899968,NA,stroke
50-64,Female,Hispanic,0.02768752011717763,0.09308589779475673,0.05382215766399585,0.015140601325321273,110,57.84160207169578,NA,stroke
65+,Female,Hispanic,0,1,0,0,6,1.9677788526763251,NA,stroke
18-34,Male,"Multiracial, other, or missing",6.9294564870851e-4,0.00795324215980775,0.0029127103706861495,0.001561226493895507,985,804.5411017818545,NA,hepB
35-49,Male,"Multiracial, other, or missing",0.010867891665390468,0.030148585301892572,0.01878998757536216,0.004576084158912002,978,782.2964079014054,NA,hepB
50-64,Male,"Multiracial, other, or missing",0.008268720629921428,0.045401375889337015,0.021591459584833238,0.008426128679904894,524,414.11819002161434,NA,hepB
65+,Male,"Multiracial, other, or missing",1.4643474467297148e-4,0.03614698820914153,0.006436843619139651,0.006493787603626502,85,64.52683393286542,NA,hepB
18-34,Female,"Multiracial, other, or missing",0,0.01161338303002486,0,0,449,258.3226603517595,NA,hepB
35-49,Female,"Multiracial, other, or missing",0.0016939427784828497,0.02175912406452507,0.007709890546181122,0.004262266405311833,414,239.21467172242077,NA,hepB
50-64,Female,"Multiracial, other, or missing",0.015176826712606561,0.117749981472412,0.05007408059904358,0.022831660461898797,162,85.7410059425899,NA,hepB
65+,Female,"Multiracial, other, or missing",0.010602026216069102,0.9304293116354624,0.3714378218887542,0.2889297971874479,12,6.493461713758807,NA,hepB
18-34,Male,White (NH),0.0017384677958777936,0.011191074384643063,0.004997137502894388,0.0021145294951693825,1794,1254.1334122069939,NA,hepB
35-49,Male,White (NH),0.00558016398110323,0.015966373549183066,0.009812264271688511,0.0024577193672340454,1966,1502.4110154243158,NA,hepB
50-64,Male,White (NH),0.015973796760655447,0.061128801749494865,0.03345837288924757,0.010499162820078475,1214,898.8937434085648,NA,hepB
65+,Male,White (NH),0.023105167835455433,0.08834324198184584,0.048500040260985054,0.015177494335809132,287,219.0423204268562,NA,hepB
18-34,Female,White (NH),9.589387304683125e-4,0.010585077053398284,0.003927628101399131,0.0020581147016995776,1304,760.4856928006569,NA,hepB
35-49,Female,White (NH),0.00782640185431029,0.03212271510577647,0.017052322086045662,0.00556818103595299,1257,725.0703832183957,NA,hepB
50-64,Female,White (NH),0.018977307002376344,0.07788809897041415,0.04154253692216705,0.013552351716410203,487,248.0688649552022,NA,hepB
65+,Female,White (NH),9.533197603443477e-4,0.04230649710626466,0.010720786667778953,0.008133289258311324,58,27.45725461626844,NA,hepB
18-34,Male,Black (NH),5.785157788536128e-4,0.005108546591864296,0.002039388328099613,9.907174555525793e-4,2657,2168.939776792268,NA,hepB
35-49,Male,Black (NH),0.004527331629126155,0.013611539890539537,0.008190670926052121,0.002141522744217609,2386,1962.754295965203,NA,hepB
50-64,Male,Black (NH),0.020985610486651398,0.04465641968720491,0.031255395500317085,0.00571772654673559,1105,942.786594567895,NA,hepB
65+,Male,Black (NH),0.005684334076733672,0.06688340078280763,0.02458260840215139,0.013250582336789168,111,86.48175974595883,NA,hepB
18-34,Female,Black (NH),0,0.011950631153021784,0,0,496,251.03276651973593,NA,hepB
35-49,Female,Black (NH),0.0016114737949831516,0.012898604667980096,0.005332701025570207,0.002468823376624752,452,233.34509834410227,NA,hepB
50-64,Female,Black (NH),0.00349576524743855,0.07536234295989808,0.023206853988663283,0.014910324471788415,215,131.99279542258319,NA,hepB
65+,Female,Black (NH),3.1096172449918e-4,0.14605184529477133,0.024391642906955616,0.02614123681851401,15,10.34216055276245,NA,hepB
18-34,Male,Hispanic,1.61612812593694e-4,0.004528980137036226,0.0012760678362804811,8.851359410172947e-4,1948,1523.6558349676422,NA,hepB
35-49,Male,Hispanic,0.0058717079031598025,0.01673045114130456,0.01030059596614913,0.0025697790769167394,1766,1450.3176749282768,NA,hepB
50-64,Male,Hispanic,0.014938899911062604,0.04614349004389606,0.027518719901903813,0.007350133912491463,612,470.9351930261832,NA,hepB
65+,Male,Hispanic,1.0457370260714574e-4,0.027784843492294042,0.004870655440081584,0.004950175162618796,86,72.91765655831665,NA,hepB
18-34,Female,Hispanic,4.503884778077531e-4,0.015541293305977977,0.004159982617722236,0.0030031298676419737,501,282.2348826195054,NA,hepB
35-49,Female,Hispanic,0.0019393761376691999,0.01996961868946534,0.007592801079153979,0.0038766788428973263,351,193.25039594899968,NA,hepB
50-64,Female,Hispanic,0.003801896842764672,0.051091261678470556,0.01795882489009802,0.009988801851606291,110,57.84160207169578,NA,hepB
65+,Female,Hispanic,0,1,0,0,6,1.9677788526763251,NA,hepB
18-34,Male,"Multiracial, other, or missing",0.03454650277551651,0.06691538827244403,0.04888426748818766,0.007870014104041947,985,804.5411017818545,NA,hepC
35-49,Male,"Multiracial, other, or missing",0.05087166552521788,0.08325097107088897,0.0656999037121112,0.007961930449519535,978,782.2964079014054,NA,hepC
50-64,Male,"Multiracial, other, or missing",0.17886958210399556,0.26207344360648965,0.21836276022746723,0.02056913264424517,524,414.11819002161434,NA,hepC
65+,Male,"Multiracial, other, or missing",0.09073002803644985,0.2874387480481675,0.17338788124312307,0.046741687339128916,85,64.52683393286542,NA,hepC
18-34,Female,"Multiracial, other, or missing",0.07714100144321791,0.13973779093414418,0.10544786048268384,0.015170006596441457,449,258.3226603517595,NA,hepC
35-49,Female,"Multiracial, other, or missing",0.11566732935988373,0.22956723853811412,0.16696915218678207,0.027478785689664702,414,239.21467172242077,NA,hepC
50-64,Female,"Multiracial, other, or missing",0.1183985749289298,0.3266273690944498,0.2087865658074815,0.04963339730609107,162,85.7410059425899,NA,hepC
65+,Female,"Multiracial, other, or missing",0,0.4620031860114594,0,0,12,6.493461713758807,NA,hepC
18-34,Male,White (NH),0.09096228512250047,0.13580055950669034,0.11193345940454358,0.011082284159042999,1794,1254.1334122069939,NA,hepC
35-49,Male,White (NH),0.11262032671725926,0.1538048826597973,0.13220474716833608,0.01023654846900394,1966,1502.4110154243158,NA,hepC
50-64,Male,White (NH),0.16735026704242253,0.22338534314661473,0.1942298442110685,0.013937286950058725,1214,898.8937434085648,NA,hepC
65+,Male,White (NH),0.05699970453616429,0.14987192157336016,0.09628926085069861,0.022155423026593568,287,219.0423204268562,NA,hepC
18-34,Female,White (NH),0.18163823290939737,0.2520005105977784,0.2152747722175596,0.017300653861111587,1304,760.4856928006569,NA,hepC
35-49,Female,White (NH),0.1637891615734462,0.22201070614113727,0.1916493583875657,0.014349700190606636,1257,725.0703832183957,NA,hepC
50-64,Female,White (NH),0.12560437150776577,0.2615142800280176,0.1866385582996898,0.032697929131277836,487,248.0688649552022,NA,hepC
65+,Female,White (NH),0.006625283748196825,0.45807119238570015,0.12289258034151258,0.09905169888496249,58,27.45725461626844,NA,hepC
18-34,Male,Black (NH),6.068883383943901e-4,0.005575935005774926,0.002196436002782329,0.001083863566430211,2657,2168.939776792268,NA,hepC
35-49,Male,Black (NH),0.007085595313011634,0.01789091338183757,0.011601956721980252,0.0025783748127475126,2386,1962.754295965203,NA,hepC
50-64,Male,Black (NH),0.13077156447508556,0.1784049127792724,0.15346655119459326,0.011836621104797471,1105,942.786594567895,NA,hepC
65+,Male,Black (NH),0.15456313093676732,0.34091749046376973,0.2386818686093465,0.045059997371925425,111,86.48175974595883,NA,hepC
18-34,Female,Black (NH),0.001560537102637224,0.036751810968987275,0.010939989736312076,0.007205101216406303,496,251.03276651973593,NA,hepC
35-49,Female,Black (NH),0.03402895210202521,0.10397394213350442,0.06256181755943013,0.016401483913803694,452,233.34509834410227,NA,hepC
50-64,Female,Black (NH),0.0727681239419028,0.21222257534094047,0.1313058195161418,0.032927112355658227,215,131.99279542258319,NA,hepC
65+,Female,Black (NH),0.004296109560007221,0.5855324957502268,0.14914888360977108,0.1326510454177991,15,10.34216055276245,NA,hepC
18-34,Male,Hispanic,0.0286392458009561,0.06660257282458015,0.044873554061752884,0.009116015944650762,1948,1523.6558349676422,NA,hepC
35-49,Male,Hispanic,0.0649662053850503,0.10740889200125059,0.08441062718427388,0.010421086553104066,1766,1450.3176749282768,NA,hepC
50-64,Male,Hispanic,0.14631649709331676,0.2226494662413896,0.18219277794776298,0.018819350912972748,612,470.9351930261832,NA,hepC
65+,Male,Hispanic,0.06961918365275852,0.23974276545824347,0.1393014854523283,0.040081320237698545,86,72.91765655831665,NA,hepC
18-34,Female,Hispanic,0.042263050198836055,0.11135286445625658,0.07129757724230588,0.016348419673040997,501,282.2348826195054,NA,hepC
35-49,Female,Hispanic,0.07381988278604636,0.1776840309987081,0.11868418662667661,0.024722677026865654,351,193.25039594899968,NA,hepC
50-64,Female,Hispanic,0.0664721786592999,0.24679618728865094,0.13944036942043794,0.04187552214325991,110,57.84160207169578,NA,hepC
65+,Female,Hispanic,6.041474693401148e-9,1,0.6979679240589616,0.6996186471197693,6,1.9677788526763251,NA,hepC
18-34,Male,"Multiracial, other, or missing",0.27195150890500314,0.3388393439115879,0.30462802890233254,0.01668892517072512,985,804.5411017818545,NA,depression
35-49,Male,"Multiracial, other, or missing",0.28286417799648167,0.3566571678857636,0.3189170711758997,0.018395764670376583,978,782.2964079014054,NA,depression
50-64,Male,"Multiracial, other, or missing",0.244913028033417,0.33024631493266376,0.28616753998009553,0.021184869829708533,524,414.11819002161434,NA,depression
65+,Male,"Multiracial, other, or missing",0.07960096612340603,0.3022996421369031,0.17055359173461024,0.05256716241293579,85,64.52683393286542,NA,depression
18-34,Female,"Multiracial, other, or missing",0.4883488370736274,0.6305043150625406,0.560340376407882,0.0348157911988733,449,258.3226603517595,NA,depression
35-49,Female,"Multiracial, other, or missing",0.4866450120743902,0.6490783684315798,0.5692341099305174,0.03968622429424948,414,239.21467172242077,NA,depression
50-64,Female,"Multiracial, other, or missing",0.37612822666279744,0.5851923991648634,0.480017725734263,0.05091195136871251,162,85.7410059425899,NA,depression
65+,Female,"Multiracial, other, or missing",0.036060157915253764,0.7978162278084271,0.33329371947991976,0.20290831659781983,12,6.493461713758807,NA,depression
18-34,Male,White (NH),0.2998927321551947,0.3621709454433779,0.33047843332108584,0.015566036892982327,1794,1254.1334122069939,NA,depression
35-49,Male,White (NH),0.30647285569159755,0.36756448163968214,0.3365095567490238,0.01527569559267607,1966,1502.4110154243158,NA,depression
50-64,Male,White (NH),0.24456831794756373,0.3105908363501052,0.2766755912589162,0.016456009071215607,1214,898.8937434085648,NA,depression
65+,Male,White (NH),0.1100399589278947,0.21201403763479898,0.1560839377626438,0.024781648071893512,287,219.0423204268562,NA,depression
18-34,Female,White (NH),0.47312447131405827,0.5671506892373294,0.5202709229679534,0.02319827790589797,1304,760.4856928006569,NA,depression
35-49,Female,White (NH),0.48919003117968973,0.586006221002684,0.5378631651401463,0.02388318819258636,1257,725.0703832183957,NA,depression
50-64,Female,White (NH),0.3933633897609197,0.5117708228604371,0.45206481117230646,0.029122954987061234,487,248.0688649552022,NA,depression
65+,Female,White (NH),0.11753894927467723,0.4336082013946616,0.25205558349624163,0.07467437910253866,58,27.45725461626844,NA,depression
18-34,Male,Black (NH),0.15996916593912214,0.19695824551955377,0.1779023420572496,0.009251459441768174,2657,2168.939776792268,NA,depression
35-49,Male,Black (NH),0.16660015404413112,0.20761905595085406,0.18646216083617215,0.010249202874680802,2386,1962.754295965203,NA,depression
50-64,Male,Black (NH),0.14792502193025048,0.1981543196195874,0.17196151093918602,0.01249382459130572,1105,942.786594567895,NA,depression
65+,Male,Black (NH),0.05689007313668166,0.23564831141281806,0.12759438836191792,0.04184241168852698,111,86.48175974595883,NA,depression
18-34,Female,Black (NH),0.2836327789629148,0.4619545122574159,0.36952344885461375,0.043349484841783734,496,251.03276651973593,NA,depression
35-49,Female,Black (NH),0.31787623009037685,0.4640303009327993,0.389116207164185,0.03571953003970737,452,233.34509834410227,NA,depression
50-64,Female,Black (NH),0.2755564453561398,0.471793589956089,0.36972835885469135,0.0475972537571057,215,131.99279542258319,NA,depression
65+,Female,Black (NH),0.030625116661657948,0.6737426048421885,0.2579273531875694,0.158081273708998,15,10.34216055276245,NA,depression
18-34,Male,Hispanic,0.17019589721166908,0.22172550459018048,0.19500249814903822,0.012833302015885032,1948,1523.6558349676422,NA,depression
35-49,Male,Hispanic,0.1523735705071488,0.20498099994327867,0.17754394357554087,0.013078026304591546,1766,1450.3176749282768,NA,depression
50-64,Male,Hispanic,0.11899576487385488,0.1986395775433275,0.15577252703690217,0.01952940815567223,612,470.9351930261832,NA,depression
65+,Male,Hispanic,0.0962925855172836,0.32310536525873534,0.1914499796438705,0.05375820724601898,86,72.91765655831665,NA,depression
18-34,Female,Hispanic,0.38047045577028205,0.5461969651147918,0.46257183971923,0.040438792053051974,501,282.2348826195054,NA,depression
35-49,Female,Hispanic,0.28433256364663495,0.45244829526495356,0.36537462303264945,0.04086847616315098,351,193.25039594899968,NA,depression
50-64,Female,Hispanic,0.2527874887164569,0.5038756475718864,0.3720248980211492,0.06017765389249908,110,57.84160207169578,NA,depression
65+,Female,Hispanic,3.247469429428683e-17,0.8152945059665584,0.04274102495384435,0.10614366849961579,6,1.9677788526763251,NA,depression
18-34,Male,"Multiracial, other, or missing",0.15375393362478193,0.21602220619331025,0.18337117195046881,0.015439545028151588,985,804.5411017818545,NA,insurance_employer
35-49,Male,"Multiracial, other, or missing",0.19762795041149975,0.25320175754141505,0.22450661557919213,0.01386144985617532,978,782.2964079014054,NA,insurance_employer
50-64,Male,"Multiracial, other, or missing",0.23047862581631304,0.33171595246457497,0.279017962080839,0.025029532005979405,524,414.11819002161434,NA,insurance_employer
65+,Male,"Multiracial, other, or missing",0.08975096791568478,0.30369976999332926,0.1789592745097809,0.05074343852795423,85,64.52683393286542,NA,insurance_employer
18-34,Female,"Multiracial, other, or missing",0.08386606641849056,0.16971413193652618,0.1220740831012348,0.020667710265560624,449,258.3226603517595,NA,insurance_employer
35-49,Female,"Multiracial, other, or missing",0.09403695621433245,0.1745537750731,0.13044395658971733,0.019497164190006466,414,239.21467172242077,NA,insurance_employer
50-64,Female,"Multiracial, other, or missing",0.16565829829844234,0.3877323873915749,0.2659821726138493,0.05336062327131885,162,85.7410059425899,NA,insurance_employer
65+,Female,"Multiracial, other, or missing",0.04477307695834188,0.934683738393419,0.46855692284718026,0.2650433373766644,12,6.493461713758807,NA,insurance_employer
18-34,Male,White (NH),0.20846411358096917,0.2623584795237729,0.23461283355786675,0.013451495324943876,1794,1254.1334122069939,NA,insurance_employer
35-49,Male,White (NH),0.22505285521078192,0.2749594308630485,0.24938502179207797,0.012479853715855815,1966,1502.4110154243158,NA,insurance_employer
50-64,Male,White (NH),0.26532930227391266,0.33204816188142927,0.297888880816615,0.01664089266503522,1214,898.8937434085648,NA,insurance_employer
65+,Male,White (NH),0.33916315347699655,0.47129479366944893,0.4039423842411181,0.032597663474242713,287,219.0423204268562,NA,insurance_employer
18-34,Female,White (NH),0.11951004815136428,0.17618808362361804,0.14616787152481076,0.013894563182312063,1304,760.4856928006569,NA,insurance_employer
35-49,Female,White (NH),0.15836152475315168,0.21624794864565422,0.1860172386260272,0.014261224070028807,1257,725.0703832183957,NA,insurance_employer
50-64,Female,White (NH),0.21780247216095264,0.3598859151777466,0.2849326332588147,0.03458040418247001,487,248.0688649552022,NA,insurance_employer
65+,Female,White (NH),0.20531346105283813,0.623966516317146,0.4015131349164891,0.10060963322319033,58,27.45725461626844,NA,insurance_employer
18-34,Male,Black (NH),0.20548697376227118,0.24407863833424848,0.2243425969976959,0.009671530727897323,2657,2168.939776792268,NA,insurance_employer
35-49,Male,Black (NH),0.22305354938569139,0.2682637204277005,0.24513378812184744,0.011316187281291705,2386,1962.754295965203,NA,insurance_employer
50-64,Male,Black (NH),0.22515918129359935,0.28010068489990625,0.2518903523443115,0.013719860751183664,1105,942.786594567895,NA,insurance_employer
65+,Male,Black (NH),0.2007089870673135,0.4083235370115287,0.2968734681954756,0.05039868096338734,111,86.48175974595883,NA,insurance_employer
18-34,Female,Black (NH),0.17831402227448456,0.2824826359244227,0.22729994089466873,0.025419072503779474,496,251.03276651973593,NA,insurance_employer
35-49,Female,Black (NH),0.12491765387790002,0.2290605469602407,0.17244439650975849,0.02520876843107291,452,233.34509834410227,NA,insurance_employer
50-64,Female,Black (NH),0.20605898335525352,0.37250291410589154,0.2838944741681593,0.04030877112342259,215,131.99279542258319,NA,insurance_employer
65+,Female,Black (NH),0.12809261191233773,0.7907137411634945,0.43863759351882314,0.16658352527659154,15,10.34216055276245,NA,insurance_employer
18-34,Male,Hispanic,0.17395399597452088,0.21307167153128637,0.19295063196529627,0.009784779746545477,1948,1523.6558349676422,NA,insurance_employer
35-49,Male,Hispanic,0.19966077326382442,0.2417444061731745,0.22016452350792148,0.010532859679134901,1766,1450.3176749282768,NA,insurance_employer
50-64,Male,Hispanic,0.19632638469682648,0.27950375823660734,0.23604316121491606,0.020577150810647673,612,470.9351930261832,NA,insurance_employer
65+,Male,Hispanic,0.11205128981929995,0.2782525465627579,0.1847409846295015,0.03982487145517949,86,72.91765655831665,NA,insurance_employer
18-34,Female,Hispanic,0.08022239412062317,0.15943778106961826,0.1155425802409364,0.019078547607267328,501,282.2348826195054,NA,insurance_employer
35-49,Female,Hispanic,0.107699231147643,0.22648628308568097,0.16065548544034527,0.028504797293891805,351,193.25039594899968,NA,insurance_employer
50-64,Female,Hispanic,0.16257908478980695,0.44271785102467887,0.28797744929981695,0.06650156115376944,110,57.84160207169578,NA,insurance_employer
65+,Female,Hispanic,1.3205440308629378e-17,0.9999729312073886,0.21297053208605748,0.49253173278282425,6,1.9677788526763251,NA,insurance_employer
18-34,Male,"Multiracial, other, or missing",0.055556798591854854,0.09873516134197702,0.07506154207359655,0.010557037526318725,985,804.5411017818545,NA,insurance_direct
35-49,Male,"Multiracial, other, or missing",0.06376689964638613,0.1023252320422865,0.08151917626291566,0.009492391477426847,978,782.2964079014054,NA,insurance_direct
50-64,Male,"Multiracial, other, or missing",0.059362700898870684,0.11828734800362584,0.08548405534456592,0.014307161281250312,524,414.11819002161434,NA,insurance_direct
65+,Male,"Multiracial, other, or missing",0.07255533551869185,0.30425725561950945,0.165568010513109,0.054483790641410165,85,64.52683393286542,NA,insurance_direct
18-34,Female,"Multiracial, other, or missing",0.008444624983658841,0.047048716464419216,0.022258928398790453,0.008684557809086627,449,258.3226603517595,NA,insurance_direct
35-49,Female,"Multiracial, other, or missing",0.00973612496646303,0.04764459625374329,0.02366654509963016,0.008607635511746979,414,239.21467172242077,NA,insurance_direct
50-64,Female,"Multiracial, other, or missing",0.05950979667787759,0.16021639987540048,0.10200111614709984,0.023901793634044325,162,85.7410059425899,NA,insurance_direct
65+,Female,"Multiracial, other, or missing",0.002548867026494734,0.24437131965099423,0.056021958769039454,0.049129088246999894,12,6.493461713758807,NA,insurance_direct
18-34,Male,White (NH),0.056540804810165705,0.08831699758056621,0.07122449382616122,0.00783378617101889,1794,1254.1334122069939,NA,insurance_direct
35-49,Male,White (NH),0.05946541369397385,0.08688825466157479,0.07229094122595531,0.00679023514806278,1966,1502.4110154243158,NA,insurance_direct
50-64,Male,White (NH),0.06824925047753137,0.10588935201390681,0.08569002090008047,0.00928225164435789,1214,898.8937434085648,NA,insurance_direct
65+,Male,White (NH),0.08649422871766292,0.17697010718469441,0.12672419010451538,0.021908621711158153,287,219.0423204268562,NA,insurance_direct
18-34,Female,White (NH),0.0340041969258687,0.07277769669046619,0.05086615826551579,0.009284932496708845,1304,760.4856928006569,NA,insurance_direct
35-49,Female,White (NH),0.0425150055582124,0.07156683724750645,0.055735523417113554,0.007070086823020122,1257,725.0703832183957,NA,insurance_direct
50-64,Female,White (NH),0.06518749796532076,0.13485707674892344,0.0959261444554574,0.016751268657997018,487,248.0688649552022,NA,insurance_direct
65+,Female,White (NH),0.05128472177855687,0.25561143896992766,0.12974880203174136,0.04700201209593268,58,27.45725461626844,NA,insurance_direct
18-34,Male,Black (NH),0.08733076128385367,0.11394285318348052,0.10005224697223719,0.006635856103835332,2657,2168.939776792268,NA,insurance_direct
35-49,Male,Black (NH),0.09689851756814184,0.1339732720238227,0.11446745151130608,0.009206918791556912,2386,1962.754295965203,NA,insurance_direct
50-64,Male,Black (NH),0.10128463414228416,0.149128822847577,0.12374025744417283,0.011833762383670144,1105,942.786594567895,NA,insurance_direct
65+,Male,Black (NH),0.09001145089836353,0.24201411506085257,0.15512609895808918,0.036340369262164815,111,86.48175974595883,NA,insurance_direct
18-34,Female,Black (NH),0.0868722965114817,0.16650671520410465,0.12264167774810827,0.019228196388285494,496,251.03276651973593,NA,insurance_direct
35-49,Female,Black (NH),0.04810816210764365,0.1251429044509701,0.08063160405888095,0.018253677755030683,452,233.34509834410227,NA,insurance_direct
50-64,Female,Black (NH),0.04534949596790623,0.1417025860658363,0.08475040030863676,0.022600657348843502,215,131.99279542258319,NA,insurance_direct
65+,Female,Black (NH),0,0.2900747851181524,0,0,15,10.34216055276245,NA,insurance_direct
18-34,Male,Hispanic,0.04953738998205157,0.07428179858602457,0.06104469868554116,0.006115106931565762,1948,1523.6558349676422,NA,insurance_direct
35-49,Male,Hispanic,0.053539323040069246,0.07916391652547772,0.06549108395283133,0.006339033908681071,1766,1450.3176749282768,NA,insurance_direct
50-64,Male,Hispanic,0.05491674452861089,0.1333831359668055,0.08851774854223105,0.018810601356859028,612,470.9351930261832,NA,insurance_direct
65+,Male,Hispanic,0.03677234487808536,0.17311450918864135,0.0886445543573491,0.0314675059604771,86,72.91765655831665,NA,insurance_direct
18-34,Female,Hispanic,0.02640179937307666,0.07098684836053448,0.044948284241821866,0.010525581216184042,501,282.2348826195054,NA,insurance_direct
35-49,Female,Hispanic,0.01736807700102641,0.11449412219923816,0.05147867704898096,0.021735247882156136,351,193.25039594899968,NA,insurance_direct
50-64,Female,Hispanic,0.017211154958898228,0.09791771115278902,0.04629106514646238,0.018094848196390734,110,57.84160207169578,NA,insurance_direct
65+,Female,Hispanic,2.4357042454470097e-17,0.9327321302656502,0.06597184857567544,0.16326206846280678,6,1.9677788526763251,NA,insurance_direct
18-34,Male,"Multiracial, other, or missing",0.001110123545304877,0.009838762294527847,0.0039259693880156115,0.0019104433705718748,985,804.5411017818545,NA,insurance_other
35-49,Male,"Multiracial, other, or missing",0.0031206549769877546,0.016659156934204722,0.007977321600836937,0.003070544780904208,978,782.2964079014054,NA,insurance_other
50-64,Male,"Multiracial, other, or missing",0.0053044248196137634,0.02946669367849608,0.013924107980520213,0.00547099498526166,524,414.11819002161434,NA,insurance_other
65+,Male,"Multiracial, other, or missing",0.001860718777555143,0.16784294894689689,0.037856769677385486,0.03284803244476422,85,64.52683393286542,NA,insurance_other
18-34,Female,"Multiracial, other, or missing",0.007496135816713413,0.04395218395746148,0.020397930312003782,0.00817149347655883,449,258.3226603517595,NA,insurance_other
35-49,Female,"Multiracial, other, or missing",0.009954162855699184,0.09790988933224809,0.038343215108853586,0.01922009778155343,414,239.21467172242077,NA,insurance_other
50-64,Female,"Multiracial, other, or missing",9.900290115553688e-4,0.04717238060118478,0.011769713089519386,0.009109020079079296,162,85.7410059425899,NA,insurance_other
65+,Female,"Multiracial, other, or missing",0,0.4620031860114594,0,0,12,6.493461713758807,NA,insurance_other
18-34,Male,White (NH),0.007237235493557316,0.020350128075842577,0.012602687050711658,0.003107130579368195,1794,1254.1334122069939,NA,insurance_other
35-49,Male,White (NH),0.005028235164527506,0.014886761800893988,0.009017020678260827,0.002327288235079359,1966,1502.4110154243158,NA,insurance_other
50-64,Male,White (NH),0.0023141874347415528,0.012550553022054323,0.005971295642573609,0.002317267705653817,1214,898.8937434085648,NA,insurance_other
65+,Male,White (NH),0.002690492733258687,0.03337338862245132,0.01198320918095122,0.006581827671588256,287,219.0423204268562,NA,insurance_other
18-34,Female,White (NH),0.004232142374553793,0.029975868518349547,0.012969781099622178,0.005683846627431368,1304,760.4856928006569,NA,insurance_other
35-49,Female,White (NH),0.004411690529743665,0.01722448171972535,0.00931365775064652,0.0029438891002784183,1257,725.0703832183957,NA,insurance_other
50-64,Female,White (NH),0.0025562191613060837,0.02013846550084908,0.00838150484418991,0.0038554905050220997,487,248.0688649552022,NA,insurance_other
65+,Female,White (NH),1.2507190780991774e-4,0.039539676633222665,0.00675752134018382,0.00695602376550701,58,27.45725461626844,NA,insurance_other
18-34,Male,Black (NH),0.00470053331741331,0.012818317169798199,0.008039052780258191,0.0019266449243717794,2657,2168.939776792268,NA,insurance_other
35-49,Male,Black (NH),0.0035263939965195787,0.012440504351767134,0.007005344353696649,0.0020781938812012074,2386,1962.754295965203,NA,insurance_other
50-64,Male,Black (NH),0.009317843753736389,0.03093772853973753,0.017886592006786915,0.005066804119940212,1105,942.786594567895,NA,insurance_other
65+,Male,Black (NH),0,0.03468939587737963,0,0,111,86.48175974595883,NA,insurance_other
18-34,Female,Black (NH),0.005666720959318221,0.037318189112720446,0.01658914114979009,0.007033904751673398,496,251.03276651973593,NA,insurance_other
35-49,Female,Black (NH),0.005580196035603037,0.04305325058746157,0.018115139610450127,0.008245763179726627,452,233.34509834410227,NA,insurance_other
50-64,Female,Black (NH),0.0056096964595239085,0.053854322649507846,0.02108368607869492,0.010483007748201172,215,131.99279542258319,NA,insurance_other
65+,Female,Black (NH),0,0.2900747851181524,0,0,15,10.34216055276245,NA,insurance_other
18-34,Male,Hispanic,0.0034173093590777423,0.012456696099844677,0.006921641302652704,0.0021025139632450144,1948,1523.6558349676422,NA,insurance_other
35-49,Male,Hispanic,0.00958742492247129,0.02297909634358608,0.015247270833109961,0.0032074565571894786,1766,1450.3176749282768,NA,insurance_other
50-64,Male,Hispanic,0.0055025525175293145,0.027069599663114396,0.013386797846700509,0.004918479770882737,612,470.9351930261832,NA,insurance_other
65+,Male,Hispanic,1.0442500700886792e-4,0.027766552716075532,0.004866775564780345,0.004946705917087262,86,72.91765655831665,NA,insurance_other
18-34,Female,Hispanic,0.005445614598155303,0.03829227330621532,0.016631571176358922,0.007266088671166696,501,282.2348826195054,NA,insurance_other
35-49,Female,Hispanic,0.0031670838535946405,0.05067627010058262,0.016896923279455644,0.009977631636403066,351,193.25039594899968,NA,insurance_other
50-64,Female,Hispanic,0.001305730682608258,0.06986582300666033,0.017081459415039888,0.013387601811621222,110,57.84160207169578,NA,insurance_other
65+,Female,Hispanic,0,1,0,0,6,1.9677788526763251,NA,insurance_other
18-34,Male,"Multiracial, other, or missing",0.2092268499848267,0.27200687973925564,0.23957066991221362,0.015634363092747648,985,804.5411017818545,NA,publicAssistance_30d
35-49,Male,"Multiracial, other, or missing",0.15091120542062364,0.2160063157696246,0.18178297991095463,0.01612595931438964,978,782.2964079014054,NA,publicAssistance_30d
50-64,Male,"Multiracial, other, or missing",0.1288914782592154,0.2105818053684716,0.1667989342706573,0.02007244514834412,524,414.11819002161434,NA,publicAssistance_30d
65+,Male,"Multiracial, other, or missing",0.0926757722602034,0.3049416116071172,0.1816424188476809,0.0504054506414951,85,64.52683393286542,NA,publicAssistance_30d
18-34,Female,"Multiracial, other, or missing",0.33854916053368456,0.48739218360906245,0.4114772610325839,0.036396650845981995,449,258.3226603517595,NA,publicAssistance_30d
35-49,Female,"Multiracial, other, or missing",0.3328617221238665,0.4670104776137819,0.3985294327566678,0.032891812988742344,414,239.21467172242077,NA,publicAssistance_30d
50-64,Female,"Multiracial, other, or missing",0.24278800712461046,0.4236692968607998,0.328571015322332,0.0439731122482144,162,85.7410059425899,NA,publicAssistance_30d
65+,Female,"Multiracial, other, or missing",0.006842887477417107,0.5087826312354405,0.13810063732402186,0.11394304608005451,12,6.493461713758807,NA,publicAssistance_30d
18-34,Male,White (NH),0.14669984142467274,0.20962544599425947,0.17653380830355125,0.015584500849191791,1794,1254.1334122069939,NA,publicAssistance_30d
35-49,Male,White (NH),0.13806297083435845,0.1881490515585491,0.1619479361978669,0.012445843644178575,1966,1502.4110154243158,NA,publicAssistance_30d
50-64,Male,White (NH),0.10969212209441791,0.16091488927911723,0.1337723364760485,0.012671473139207407,1214,898.8937434085648,NA,publicAssistance_30d
65+,Male,White (NH),0.03452851180503166,0.09478635094191501,0.05958642815133076,0.01431608140818177,287,219.0423204268562,NA,publicAssistance_30d
18-34,Female,White (NH),0.31607548264126945,0.4234687148462063,0.368566217532386,0.026385524183417525,1304,760.4856928006569,NA,publicAssistance_30d
35-49,Female,White (NH),0.2925621862230283,0.37485793155133096,0.33276307428586704,0.020310450790556912,1257,725.0703832183957,NA,publicAssistance_30d
50-64,Female,White (NH),0.213005382306695,0.39341146322370046,0.29744169109924457,0.04366520722670297,487,248.0688649552022,NA,publicAssistance_30d
65+,Female,White (NH),0.02845567628864272,0.26031100570771426,0.10791584382738117,0.05193362900582155,58,27.45725461626844,NA,publicAssistance_30d
18-34,Male,Black (NH),0.17863825267800526,0.22594922625225744,0.20152145216208436,0.011806700774122698,2657,2168.939776792268,NA,publicAssistance_30d
35-49,Male,Black (NH),0.13496244641998087,0.17917416323404656,0.15612139142413564,0.01100332332912855,2386,1962.754295965203,NA,publicAssistance_30d
50-64,Male,Black (NH),0.13908914701233926,0.19089684299453258,0.16377215637752982,0.01286690125793649,1105,942.786594567895,NA,publicAssistance_30d
65+,Male,Black (NH),0.057855192529600835,0.18728450020182152,0.11089079002327615,0.030584335473166996,111,86.48175974595883,NA,publicAssistance_30d
18-34,Female,Black (NH),0.355675835460258,0.47019192938913457,0.4120525636840562,0.02815376939804303,496,251.03276651973593,NA,publicAssistance_30d
35-49,Female,Black (NH),0.3447352974454827,0.457800756181148,0.4002849996743988,0.027795018762719614,452,233.34509834410227,NA,publicAssistance_30d
50-64,Female,Black (NH),0.26145991668849616,0.43166655490973826,0.3428541984884617,0.04137125725522738,215,131.99279542258319,NA,publicAssistance_30d
65+,Female,Black (NH),0.026263270821078117,0.4273715972530562,0.15738527206563688,0.0910470036973748,15,10.34216055276245,NA,publicAssistance_30d
18-34,Male,Hispanic,0.14185670351778853,0.1950955848900483,0.16722145130484878,0.013215737569216984,1948,1523.6558349676422,NA,publicAssistance_30d
35-49,Male,Hispanic,0.10829025210913862,0.156474054364673,0.13099134251315087,0.011929099417064278,1766,1450.3176749282768,NA,publicAssistance_30d
50-64,Male,Hispanic,0.1458294062861864,0.23387965332237293,0.1869192135249863,0.021636786240630954,612,470.9351930261832,NA,publicAssistance_30d
65+,Male,Hispanic,0.10414967604004885,0.3003600074773074,0.18819304227883266,0.046737468497128655,86,72.91765655831665,NA,publicAssistance_30d
18-34,Female,Hispanic,0.31523543136322313,0.46730503877153173,0.38928607826177114,0.037121803357483794,501,282.2348826195054,NA,publicAssistance_30d
35-49,Female,Hispanic,0.21876731083906292,0.3863176390297274,0.29756446839795414,0.04056546029977691,351,193.25039594899968,NA,publicAssistance_30d
50-64,Female,Hispanic,0.16768492434924281,0.47006606814462815,0.30349603970258343,0.07181910555209695,110,57.84160207169578,NA,publicAssistance_30d
65+,Female,Hispanic,0,1,0,0,6,1.9677788526763251,NA,publicAssistance_30d
18-34,Male,"Multiracial, other, or missing",0.005719339229265529,0.021471006627630684,0.011798711755529519,0.0036598675668671555,985,804.5411017818545,NA,va_eligible
35-49,Male,"Multiracial, other, or missing",0.011166803032391167,0.03089796575091308,0.019279079623112937,0.004683913165404407,978,782.2964079014054,NA,va_eligible
50-64,Male,"Multiracial, other, or missing",0.058538085744136006,0.11699127199927994,0.08443203873903288,0.014189977244000507,524,414.11819002161434,NA,va_eligible
65+,Male,"Multiracial, other, or missing",0.0879022340222643,0.274856671071401,0.16642082444757167,0.04442156641638365,85,64.52683393286542,NA,va_eligible
18-34,Female,"Multiracial, other, or missing",1.7739174556487568e-5,0.004519092469577805,7.91588928269504e-4,7.973367081111259e-4,449,258.3226603517595,NA,va_eligible
35-49,Female,"Multiracial, other, or missing",0.0014246420397739064,0.017396495102502962,0.0062576967137152805,0.003401761702773623,414,239.21467172242077,NA,va_eligible
50-64,Female,"Multiracial, other, or missing",0,0.03498909264032577,0,0,162,85.7410059425899,NA,va_eligible
65+,Female,"Multiracial, other, or missing",0.004240585359819414,0.9330474830660442,0.33265226396716713,0.29820081527896497,12,6.493461713758807,NA,va_eligible
18-34,Male,White (NH),0.012813783567955128,0.03029504516286219,0.020229260897583277,0.004192348237141409,1794,1254.1334122069939,NA,va_eligible
35-49,Male,White (NH),0.02416204072588204,0.04266236386883904,0.03248215519394437,0.004524918339622694,1966,1502.4110154243158,NA,va_eligible
50-64,Male,White (NH),0.06765474923299103,0.11016903120271415,0.08719064622723106,0.010451167428101803,1214,898.8937434085648,NA,va_eligible
65+,Male,White (NH),0.10602634805043405,0.2003214236611358,0.14867660566724403,0.022940643792085644,287,219.0423204268562,NA,va_eligible
18-34,Female,White (NH),8.262392584449888e-4,0.016423459864252865,0.005101417359541488,0.0032119396922878226,1304,760.4856928006569,NA,va_eligible
35-49,Female,White (NH),0.005166360832705489,0.016997711710465713,0.009853500225184334,0.0027506030822960154,1257,725.0703832183957,NA,va_eligible
50-64,Female,White (NH),0.001512342565872048,0.06109731249622663,0.01592298957404925,0.011881266808768137,487,248.0688649552022,NA,va_eligible
65+,Female,White (NH),0.0010806603537384081,0.08207097543493136,0.018637815376280852,0.015612086952802891,58,27.45725461626844,NA,va_eligible
18-34,Male,Black (NH),6.566547512290009e-4,0.006494237609177612,0.0024962848919905943,0.00126712060124487,2657,2168.939776792268,NA,va_eligible
35-49,Male,Black (NH),0.01525980131406015,0.029538718096429828,0.02155959982119413,0.0034699068619170816,2386,1962.754295965203,NA,va_eligible
50-64,Male,Black (NH),0.044383737338443974,0.07301233743120206,0.05746952020352452,0.007034171773084686,1105,942.786594567895,NA,va_eligible
65+,Male,Black (NH),0.05001448544308277,0.1949094890257339,0.10744775279731504,0.03392028770867417,111,86.48175974595883,NA,va_eligible
18-34,Female,Black (NH),0,0.011950631153021784,0,0,496,251.03276651973593,NA,va_eligible
35-49,Female,Black (NH),0.002837232345714852,0.02080562618041859,0.008879988757470819,0.003957137656923652,452,233.34509834410227,NA,va_eligible
50-64,Female,Black (NH),4.171498381917436e-5,0.011651472583475542,0.0020136275684790117,0.002050608684060225,215,131.99279542258319,NA,va_eligible
65+,Female,Black (NH),0,0.2900747851181524,0,0,15,10.34216055276245,NA,va_eligible
18-34,Male,Hispanic,0.004305964284950524,0.013169987746147749,0.00786784648151206,0.0020869925048669705,1948,1523.6558349676422,NA,va_eligible
35-49,Male,Hispanic,0.009328733955662362,0.02284347875672521,0.015016125522205442,0.0032321953026080755,1766,1450.3176749282768,NA,va_eligible
50-64,Male,Hispanic,0.014858318797816657,0.0467596967022631,0.02767238954032765,0.007505115551654047,612,470.9351930261832,NA,va_eligible
65+,Male,Hispanic,0.02096162184078555,0.15190313687463763,0.06651158068321204,0.029450692300337634,86,72.91765655831665,NA,va_eligible
18-34,Female,Hispanic,1.8057251216280722e-5,0.005113378748540343,8.796268943396256e-4,8.97151270126973e-4,501,282.2348826195054,NA,va_eligible
35-49,Female,Hispanic,6.237377802113774e-4,0.03837006362516171,0.00900266982056549,0.0072912719426588,351,193.25039594899968,NA,va_eligible
50-64,Female,Hispanic,1.7259692064905166e-4,0.04982856382307255,0.008679291254476166,0.008804185339593101,110,57.84160207169578,NA,va_eligible
65+,Female,Hispanic,0,1,0,0,6,1.9677788526763251,NA,va_eligible
18-34,Male,"Multiracial, other, or missing",0.10168661652181019,0.1470504036652489,0.12303996297428683,0.011235794394538711,985,804.5411017818545,NA,homeless_12m
35-49,Male,"Multiracial, other, or missing",0.07151613184737154,0.11784787584424294,0.09277640801918392,0.011385521599884782,978,782.2964079014054,NA,homeless_12m
50-64,Male,"Multiracial, other, or missing",0.059003168848169314,0.11882581074848275,0.08547255178926517,0.01451565224354557,524,414.11819002161434,NA,homeless_12m
65+,Male,"Multiracial, other, or missing",0,0.046492285722886086,0,0,85,64.52683393286542,NA,homeless_12m
18-34,Female,"Multiracial, other, or missing",0.11458122032993333,0.2229517211687081,0.16350796107359056,0.026154370937898682,449,258.3226603517595,NA,homeless_12m
35-49,Female,"Multiracial, other, or missing",0.11876257441465135,0.22153304621656889,0.16548156248478338,0.024878809115809107,414,239.21467172242077,NA,homeless_12m
50-64,Female,"Multiracial, other, or missing",0.024032426219903542,0.17120296572813332,0.07565714421912678,0.033138946289081476,162,85.7410059425899,NA,homeless_12m
65+,Female,"Multiracial, other, or missing",0,0.4620031860114594,0,0,12,6.493461713758807,NA,homeless_12m
18-34,Male,White (NH),0.10041297916242996,0.13748824546031768,0.11801569357522833,0.009215476346981128,1794,1254.1334122069939,NA,homeless_12m
35-49,Male,White (NH),0.0811497574234985,0.11252585868936782,0.09598880815997664,0.007794182618775422,1966,1502.4110154243158,NA,homeless_12m
50-64,Male,White (NH),0.07913381075137411,0.1280635477797336,0.10168111786302356,0.012031721250127348,1214,898.8937434085648,NA,homeless_12m
65+,Male,White (NH),0.010752394858832575,0.05905425155588351,0.02813180184570056,0.010957919658625201,287,219.0423204268562,NA,homeless_12m
18-34,Female,White (NH),0.14641187069073885,0.22067073333072573,0.1813593574534215,0.018170545614839113,1304,760.4856928006569,NA,homeless_12m
35-49,Female,White (NH),0.10857933995058938,0.16607698959308292,0.13543171402887885,0.014070419704127753,1257,725.0703832183957,NA,homeless_12m
50-64,Female,White (NH),0.04097849283238635,0.1904798062937746,0.09822619436221047,0.03443009425786093,487,248.0688649552022,NA,homeless_12m
65+,Female,White (NH),4.2282354690932237e-4,0.13413611812438264,0.023736593027139485,0.024352685366031388,58,27.45725461626844,NA,homeless_12m
18-34,Male,Black (NH),0.06124325735888779,0.08474083044190861,0.07234014707394165,0.005837955493701734,2657,2168.939776792268,NA,homeless_12m
35-49,Male,Black (NH),0.06311414986075548,0.09434244807709613,0.07766764287267708,0.007718235222285099,2386,1962.754295965203,NA,homeless_12m
50-64,Male,Black (NH),0.07817199922422381,0.11468320264574527,0.09527170349600088,0.00903575309075252,1105,942.786594567895,NA,homeless_12m
65+,Male,Black (NH),0.017685936323546037,0.10927096660902413,0.05022977625764653,0.02074093123237141,111,86.48175974595883,NA,homeless_12m
18-34,Female,Black (NH),0.09170392829349175,0.16167266182756623,0.12357735595013858,0.01697970078103565,496,251.03276651973593,NA,homeless_12m
35-49,Female,Black (NH),0.11907636936363654,0.20428368019814525,0.15826909350477367,0.02070630999341532,452,233.34509834410227,NA,homeless_12m
50-64,Female,Black (NH),0.05961823854309807,0.18702660346884736,0.11212896280589495,0.02993659219855987,215,131.99279542258319,NA,homeless_12m
65+,Female,Black (NH),0.016952504049455898,0.7331667464086704,0.2547523325327171,0.18136019551008883,15,10.34216055276245,NA,homeless_12m
18-34,Male,Hispanic,0.06047359663483018,0.09001020567040441,0.07424471602871843,0.007302044442451695,1948,1523.6558349676422,NA,homeless_12m
35-49,Male,Hispanic,0.05631772974157954,0.08213235060739044,0.06839108668733014,0.006391711899025553,1766,1450.3176749282768,NA,homeless_12m
50-64,Male,Hispanic,0.028193963710274474,0.06589599052640827,0.044299348490664074,0.009049531515007444,612,470.9351930261832,NA,homeless_12m
65+,Male,Hispanic,0,0.04114229860912657,0,0,86,72.91765655831665,NA,homeless_12m
18-34,Female,Hispanic,0.10047590453001629,0.18984809314968698,0.14084254328669302,0.021590682913233072,501,282.2348826195054,NA,homeless_12m
35-49,Female,Hispanic,0.06441775907781865,0.2681388409342703,0.14555905675512823,0.04738576463541587,351,193.25039594899968,NA,homeless_12m
50-64,Female,Hispanic,0.04032767951304357,0.22237912713995056,0.1083296340333402,0.04140195401151419,110,57.84160207169578,NA,homeless_12m
65+,Female,Hispanic,0,1,0,0,6,1.9677788526763251,NA,homeless_12m
18-34,Male,"Multiracial, other, or missing",0.46717415177368926,0.5461205662850326,0.5066783445494651,0.019706220990172642,985,804.5411017818545,NA,mhDiagnosis_any
35-49,Male,"Multiracial, other, or missing",0.4524944014245929,0.5376651800443102,0.49505310085794874,0.021240401152718746,978,782.2964079014054,NA,mhDiagnosis_any
50-64,Male,"Multiracial, other, or missing",0.41733377258699955,0.5215846879763012,0.4692100386227448,0.02590358003734663,524,414.11819002161434,NA,mhDiagnosis_any
65+,Male,"Multiracial, other, or missing",0.23905509348049536,0.49302596321601455,0.3588195633877497,0.06163263202137433,85,64.52683393286542,NA,mhDiagnosis_any
18-34,Female,"Multiracial, other, or missing",0.6697202721729106,0.7929812003977502,0.7347142172281678,0.03005771666312923,449,258.3226603517595,NA,mhDiagnosis_any
35-49,Female,"Multiracial, other, or missing",0.6605075156195068,0.797400173030574,0.7330478677379737,0.03331429102488031,414,239.21467172242077,NA,mhDiagnosis_any
50-64,Female,"Multiracial, other, or missing",0.6342021086041049,0.8139773710499663,0.7310116977945191,0.04348553846659315,162,85.7410059425899,NA,mhDiagnosis_any
65+,Female,"Multiracial, other, or missing",0.07198271375593124,0.9832191724040544,0.6064010047771097,0.28128658879071855,12,6.493461713758807,NA,mhDiagnosis_any
18-34,Male,White (NH),0.49652187330044045,0.5635430664053357,0.5301337439037281,0.016766499395091245,1794,1254.1334122069939,NA,mhDiagnosis_any
35-49,Male,White (NH),0.473196091164245,0.5419094489127161,0.507579449390966,0.017184331323255253,1966,1502.4110154243158,NA,mhDiagnosis_any
50-64,Male,White (NH),0.41421223544461666,0.47802361350106826,0.4459518591166322,0.015972117294739772,1214,898.8937434085648,NA,mhDiagnosis_any
65+,Male,White (NH),0.2658463342329379,0.40160687372408177,0.3311380755021252,0.033383529978184105,287,219.0423204268562,NA,mhDiagnosis_any
18-34,Female,White (NH),0.7038664010464816,0.7879596154770836,0.7476299729830557,0.020654827604673066,1304,760.4856928006569,NA,mhDiagnosis_any
35-49,Female,White (NH),0.7067095240388276,0.7892528318931935,0.7496582671382278,0.02028899939286187,1257,725.0703832183957,NA,mhDiagnosis_any
50-64,Female,White (NH),0.5692469079226954,0.6964810158049415,0.6345990379492726,0.031187813565461957,487,248.0688649552022,NA,mhDiagnosis_any
65+,Female,White (NH),0.2110186524837652,0.6177406137685428,0.4020720243831284,0.09768560643204906,58,27.45725461626844,NA,mhDiagnosis_any
18-34,Male,Black (NH),0.2748535137550788,0.32512433350203507,0.2995386055596595,0.012588579928615272,2657,2168.939776792268,NA,mhDiagnosis_any
35-49,Male,Black (NH),0.27934573217992786,0.3322209948140833,0.305304874611016,0.013233655316794282,2386,1962.754295965203,NA,mhDiagnosis_any
50-64,Male,Black (NH),0.2609533226160693,0.33027757084992404,0.2947334932557069,0.017276682803151287,1105,942.786594567895,NA,mhDiagnosis_any
65+,Male,Black (NH),0.1496611229081616,0.3504497946856949,0.23962798670651095,0.048438132182795454,111,86.48175974595883,NA,mhDiagnosis_any
18-34,Female,Black (NH),0.45896544504636805,0.6316011989867178,0.5463085357546236,0.04209688765837662,496,251.03276651973593,NA,mhDiagnosis_any
35-49,Female,Black (NH),0.5008562820867845,0.6419656619517069,0.5724998877533878,0.03454600311470282,452,233.34509834410227,NA,mhDiagnosis_any
50-64,Female,Black (NH),0.4051164805948988,0.603533653443745,0.5044539879411917,0.04825218185392353,215,131.99279542258319,NA,mhDiagnosis_any
65+,Female,Black (NH),0.041171198104500796,0.6874806983351744,0.282318996094525,0.15978237587926652,15,10.34216055276245,NA,mhDiagnosis_any
18-34,Male,Hispanic,0.2894170205353628,0.3621828350362406,0.3250148606155836,0.018133038249566934,1948,1523.6558349676422,NA,mhDiagnosis_any
35-49,Male,Hispanic,0.24316391267231688,0.304183620591461,0.27288104861335244,0.01522320008473677,1766,1450.3176749282768,NA,mhDiagnosis_any
50-64,Male,Hispanic,0.21113278315598277,0.30635056328298327,0.25660565894290543,0.023518936224245154,612,470.9351930261832,NA,mhDiagnosis_any
65+,Male,Hispanic,0.20107329469554658,0.41460708398710977,0.2999261511040912,0.05167893007788764,86,72.91765655831665,NA,mhDiagnosis_any
18-34,Female,Hispanic,0.5406364991143433,0.6867031618855979,0.6155909717791453,0.03568393970027043,501,282.2348826195054,NA,mhDiagnosis_any
35-49,Female,Hispanic,0.47337355942064263,0.6171504833260323,0.545969771974286,0.035158238045452546,351,193.25039594899968,NA,mhDiagnosis_any
50-64,Female,Hispanic,0.43843432386939246,0.7014531266068799,0.5737606188676764,0.06312510431855063,110,57.84160207169578,NA,mhDiagnosis_any
65+,Female,Hispanic,3.247469429428683e-17,0.8152945059665584,0.04274102495384435,0.10614366849961579,6,1.9677788526763251,NA,mhDiagnosis_any
18-34,Male,"Multiracial, other, or missing",0.4155755028825408,0.5009457305586036,0.4580315626821921,0.021280087277728264,985,804.5411017818545,NA,opioidUse_any
35-49,Male,"Multiracial, other, or missing",0.34600934395430905,0.42419945419729044,0.38454985078581877,0.019506012082309683,978,782.2964079014054,NA,opioidUse_any
50-64,Male,"Multiracial, other, or missing",0.3110760744906897,0.4154501201758779,0.362058295002781,0.025885391990980992,524,414.11819002161434,NA,opioidUse_any
65+,Male,"Multiracial, other, or missing",0.17685014354524356,0.41894344036785103,0.28681919779811554,0.05844167084922468,85,64.52683393286542,NA,opioidUse_any
18-34,Female,"Multiracial, other, or missing",0.48596834339897155,0.632823097981465,0.560370970524806,0.035941135259069196,449,258.3226603517595,NA,opioidUse_any
35-49,Female,"Multiracial, other, or missing",0.3977801218157748,0.5264031204761739,0.4616191363621396,0.03159890603128996,414,239.21467172242077,NA,opioidUse_any
50-64,Female,"Multiracial, other, or missing",0.2486659849814478,0.48764835537715356,0.36192005317084813,0.057827318147959224,162,85.7410059425899,NA,opioidUse_any
65+,Female,"Multiracial, other, or missing",0.010602026216069102,0.9304293116354624,0.3714378218887542,0.2889297971874479,12,6.493461713758807,NA,opioidUse_any
18-34,Male,White (NH),0.6032624242859856,0.661305620325694,0.6326425728156985,0.014533363020591553,1794,1254.1334122069939,NA,opioidUse_any
35-49,Male,White (NH),0.43880400994266067,0.5092618025222722,0.4739362313967325,0.017613565459213165,1966,1502.4110154243158,NA,opioidUse_any
50-64,Male,White (NH),0.3173716340107717,0.3884306581337367,0.35229304347097623,0.017734242232756027,1214,898.8937434085648,NA,opioidUse_any
65+,Male,White (NH),0.11136309145953002,0.22227651232657608,0.16121810754312205,0.02690205892392798,287,219.0423204268562,NA,opioidUse_any
18-34,Female,White (NH),0.7342615706712269,0.8035916240494863,0.7702872769784315,0.017071401413736084,1304,760.4856928006569,NA,opioidUse_any
35-49,Female,White (NH),0.5549510274950717,0.6446578484056634,0.6004299513699748,0.022142323902858977,1257,725.0703832183957,NA,opioidUse_any
50-64,Female,White (NH),0.2449782898373981,0.4052272894164839,0.32123841146606297,0.03897919334697922,487,248.0688649552022,NA,opioidUse_any
65+,Female,White (NH),0.003230120145740249,0.46577096654016703,0.10950237696061164,0.09933888495098435,58,27.45725461626844,NA,opioidUse_any
18-34,Male,Black (NH),0.2948126291737049,0.3447635998410372,0.3194013388856268,0.01251588110647893,2657,2168.939776792268,NA,opioidUse_any
35-49,Male,Black (NH),0.2704106568515738,0.3143698517747042,0.29202733677048803,0.011024240462802959,2386,1962.754295965203,NA,opioidUse_any
50-64,Male,Black (NH),0.30565820378935293,0.37636937487145794,0.34035242595524595,0.01764273979807409,1105,942.786594567895,NA,opioidUse_any
65+,Male,Black (NH),0.257458256358982,0.47623741225560856,0.3615989136642033,0.05329622991636486,111,86.48175974595883,NA,opioidUse_any
18-34,Female,Black (NH),0.2049065744011082,0.31057161908308295,0.25508734298545993,0.025841832835247016,496,251.03276651973593,NA,opioidUse_any
35-49,Female,Black (NH),0.21981680358554034,0.33499111705114204,0.2746397035746211,0.028146507219362925,452,233.34509834410227,NA,opioidUse_any
50-64,Female,Black (NH),0.18941129736556786,0.33350701276552386,0.2566095873752848,0.03494794169191243,215,131.99279542258319,NA,opioidUse_any
65+,Female,Black (NH),0.07961540960526557,0.7054324382254724,0.3411161362824989,0.1547773066795397,15,10.34216055276245,NA,opioidUse_any
18-34,Male,Hispanic,0.3386850781847933,0.3995830402116227,0.36874428132703835,0.015233030172927707,1948,1523.6558349676422,NA,opioidUse_any
35-49,Male,Hispanic,0.28959321668739574,0.3537699127212336,0.32105220619478286,0.016025227057450336,1766,1450.3176749282768,NA,opioidUse_any
50-64,Male,Hispanic,0.23747852425501162,0.33351020486646255,0.2836791704065432,0.023757636551910422,612,470.9351930261832,NA,opioidUse_any
65+,Male,Hispanic,0.12425689188714131,0.34107281249953414,0.2187592644116668,0.05183235318879375,86,72.91765655831665,NA,opioidUse_any
18-34,Female,Hispanic,0.48168993971146823,0.5766765817187824,0.5293808249320199,0.02344284126812544,501,282.2348826195054,NA,opioidUse_any
35-49,Female,Hispanic,0.29490187018549396,0.49032934806859074,0.3893544347218183,0.047384460790359385,351,193.25039594899968,NA,opioidUse_any
50-64,Female,Hispanic,0.16288224588037536,0.4132983464805352,0.2753140460600438,0.05950242398320034,110,57.84160207169578,NA,opioidUse_any
65+,Female,Hispanic,6.041474693401148e-9,1,0.6979679240589616,0.6996186471197693,6,1.9677788526763251,NA,opioidUse_any
18-34,Male,"Multiracial, other, or missing",0.24663045474869869,0.31067823613190604,0.2778097318776308,0.015975317528548815,985,804.5411017818545,NA,alcoholUse_any
35-49,Male,"Multiracial, other, or missing",0.24212814917095843,0.30339100824278886,0.2719556304656941,0.01529269628348966,978,782.2964079014054,NA,alcoholUse_any
50-64,Male,"Multiracial, other, or missing",0.2627109597034508,0.35498244736003526,0.30742049423976375,0.022894197956764655,524,414.11819002161434,NA,alcoholUse_any
65+,Male,"Multiracial, other, or missing",0.1223874307610297,0.38036842645937574,0.2336251426397396,0.06164739564450504,85,64.52683393286542,NA,alcoholUse_any
18-34,Female,"Multiracial, other, or missing",0.22865109838549458,0.3145061208170754,0.26998627508066436,0.021126365709995952,449,258.3226603517595,NA,alcoholUse_any
35-49,Female,"Multiracial, other, or missing",0.23817495197771943,0.3454704965489116,0.2896499881192593,0.026320417650565954,414,239.21467172242077,NA,alcoholUse_any
50-64,Female,"Multiracial, other, or missing",0.14160516949450877,0.3040892427662524,0.21474509097319747,0.03913026162724931,162,85.7410059425899,NA,alcoholUse_any
65+,Female,"Multiracial, other, or missing",0.006842887477417107,0.5087826312354405,0.13810063732402186,0.11394304608005451,12,6.493461713758807,NA,alcoholUse_any
18-34,Male,White (NH),0.2850434765031194,0.33692333444537526,0.3105392298453369,0.012993693327580826,1794,1254.1334122069939,NA,alcoholUse_any
35-49,Male,White (NH),0.25758827322216593,0.3044536396392401,0.2805755609840804,0.011743132723202881,1966,1502.4110154243158,NA,alcoholUse_any
50-64,Male,White (NH),0.24631913592727558,0.3101532630912699,0.27739484877341036,0.015920209303703966,1214,898.8937434085648,NA,alcoholUse_any
65+,Male,White (NH),0.12176617357418318,0.24486548657093865,0.17721877110352033,0.02984906691975246,287,219.0423204268562,NA,alcoholUse_any
18-34,Female,White (NH),0.18775626433976011,0.2684023109205276,0.226199008183895,0.019786973202942995,1304,760.4856928006569,NA,alcoholUse_any
35-49,Female,White (NH),0.20823274383630402,0.27380310773684513,0.23987968982627586,0.016181901279355818,1257,725.0703832183957,NA,alcoholUse_any
50-64,Female,White (NH),0.14755346686781973,0.23151548545980516,0.18686136822166086,0.02052106329604445,487,248.0688649552022,NA,alcoholUse_any
65+,Female,White (NH),0.0044440807216226536,0.10741767771617261,0.03232939789938837,0.02129663683207707,58,27.45725461626844,NA,alcoholUse_any
18-34,Male,Black (NH),0.18004376086604743,0.2149651788243132,0.19706887153005276,0.008751481109660023,2657,2168.939776792268,NA,alcoholUse_any
35-49,Male,Black (NH),0.206816407272046,0.2565170680057268,0.23097028512164108,0.012414684931657323,2386,1962.754295965203,NA,alcoholUse_any
50-64,Male,Black (NH),0.20638449615157775,0.26358074379264573,0.23408078355775233,0.014260139041852658,1105,942.786594567895,NA,alcoholUse_any
65+,Male,Black (NH),0.14502323957867008,0.35272528763465694,0.23757813294902885,0.05003306774418534,111,86.48175974595883,NA,alcoholUse_any
18-34,Female,Black (NH),0.13622270656865723,0.2583128617703093,0.19186714392361154,0.02950127134610579,496,251.03276651973593,NA,alcoholUse_any
35-49,Female,Black (NH),0.21384035927386474,0.30706137142524337,0.258427201714123,0.02287165394932194,452,233.34509834410227,NA,alcoholUse_any
50-64,Female,Black (NH),0.11346485607378211,0.24970208669343752,0.17396279648238963,0.03266444928863365,215,131.99279542258319,NA,alcoholUse_any
65+,Female,Black (NH),0.0012336760228477772,0.591295975716806,0.12475724070281546,0.13045124914913572,15,10.34216055276245,NA,alcoholUse_any
18-34,Male,Hispanic,0.2053894535081601,0.25219938794971153,0.22816445687874784,0.011700993781625455,1948,1523.6558349676422,NA,alcoholUse_any
35-49,Male,Hispanic,0.1994420583563402,0.25777659925524377,0.22763005735905992,0.014530440779168093,1766,1450.3176749282768,NA,alcoholUse_any
50-64,Male,Hispanic,0.17134905202335854,0.2611999450273953,0.2137408361503862,0.022140268583711455,612,470.9351930261832,NA,alcoholUse_any
65+,Male,Hispanic,0.11482555092703914,0.3069721407422301,0.19831210372227231,0.0459285946068005,86,72.91765655831665,NA,alcoholUse_any
18-34,Female,Hispanic,0.19933570299543138,0.3595411868048234,0.27410887896170205,0.03878885219273902,501,282.2348826195054,NA,alcoholUse_any
35-49,Female,Hispanic,0.14676752675039645,0.28629879985394857,0.21034934218323628,0.03362593540295578,351,193.25039594899968,NA,alcoholUse_any
50-64,Female,Hispanic,0.06115765835465004,0.3475923494339941,0.17134380650539288,0.06600717143170769,110,57.84160207169578,NA,alcoholUse_any
65+,Female,Hispanic,6.041474693401148e-9,1,0.6979679240589616,0.6996186471197693,6,1.9677788526763251,NA,alcoholUse_any
