System,sex,n,neff,p.lwr,p.upr,p,health_outcome,se,pred,pred.upr,pred.lwr,pred.se,System2
State correctional authorities such as the state department of corrections,Male,14605,11839.124044646433,0.06525915125566982,0.07813897902000011,0.0714991629608577,cvd,0.0032305989158447207,0.0713787742010655,0.07793446301690381,0.06533546204243074,0.048445962421160456,State prison
State correctional authorities such as the state department of corrections,Female,5087,2819.9142746396838,0.06001846399660929,0.0806140374998201,0.06979466181193,cvd,0.0050888188493738475,0.07137549285053499,0.0815421468868056,0.062390308951155236,0.07355946546814127,State prison
Local correctional authorities such as local jails or detention centers,Male,239,196.97019892372796,0.05204384898387419,0.13562240863609198,0.08737789572055331,cvd,0.01985513813595581,0.08585274886093176,0.12967377604371125,0.0558893311497776,0.23546954553138208,Jail
Local correctional authorities such as local jails or detention centers,Female,121,70.31258170247585,0.026645387718816686,0.1419368337600101,0.06915801921482782,cvd,0.025849631355360385,0.085848863640995,0.13151764220551704,0.05503342335889572,0.24378065094605933,Jail
Federal Bureau of Prisons,Male,3397,2842.1297934263107,0.04946930811837311,0.07489335858863233,0.06127241031913094,cvd,0.006197317515175286,0.062379061407808654,0.07505093032087369,0.05172710284963638,0.1013000062144344,Federal prison
Federal Bureau of Prisons,Female,1026,729.3709011687938,0.04894746720927309,0.11709652700761963,0.07814142837351243,cvd,0.015444430001178289,0.0623761659924466,0.07845843810958483,0.049413648335005264,0.12586289785687418,Federal prison
State correctional authorities such as the state department of corrections,Male,14605,11839.124044646433,0.28002391334061844,0.30707148568227904,0.2934111461733958,hypertension,0.006813739570384538,0.29261749039251683,0.3060621097823982,0.27952556617680746,0.03271023491238936,State prison
State correctional authorities such as the state department of corrections,Female,5087,2819.9142746396838,0.23827646305768604,0.2795424340986614,0.258508991403114,hypertension,0.010268906716809453,0.2689305261456813,0.2879431364877092,0.2507312511640981,0.0482971429619002,State prison
Local correctional authorities such as local jails or detention centers,Male,239,196.97019892372796,0.20374353725406497,0.3240669694402508,0.26059798805218065,hypertension,0.029409010394208335,0.26392540206267684,0.32059347328276105,0.21411719578166252,0.14011440835512926,Jail
Local correctional authorities such as local jails or detention centers,Female,121,70.31258170247585,0.18097030511739645,0.3935351405008354,0.27818164197877465,hypertension,0.05034868484014785,0.24176721503506787,0.29726102607872146,0.19377653998417116,0.14420683837646614,Jail
Federal Bureau of Prisons,Male,3397,2842.1297934263107,0.22491584633729797,0.2966837233178691,0.2596047480017768,hypertension,0.017607039802801875,0.2651927933175974,0.29911125395031507,0.23383737090599094,0.08552070491839657,Federal prison
Federal Bureau of Prisons,Female,1026,729.3709011687938,0.27957001908450557,0.3679206111069423,0.32257017099528484,hypertension,0.02072418500339054,0.24296332314699032,0.2780808118722741,0.21098455487406384,0.09311383391888237,Federal prison
State correctional authorities such as the state department of corrections,Male,14605,11839.124044646433,0.07146325690158963,0.08421034778358549,0.07765779099086564,diabetes,0.003200632314583585,0.07756257376465817,0.08402658052950243,0.07155698400635162,0.04442957478704154,State prison
State correctional authorities such as the state department of corrections,Female,5087,2819.9142746396838,0.07678112256461007,0.09970937324293416,0.08774193858761607,diabetes,0.005676948595784632,0.08899224084397982,0.10008821992184723,0.07901837097073479,0.06620401749345534,State prison
Local correctional authorities such as local jails or detention centers,Male,239,196.97019892372796,0.045681972741637836,0.135183234607252,0.0826185336872768,diabetes,0.021102919172953344,0.08249001846350103,0.12845304926110573,0.05199234664005089,0.2521882495325128,Jail
Local correctional authorities such as local jails or detention centers,Female,121,70.31258170247585,0.029846917258569736,0.20781467789835895,0.09316491336500449,diabetes,0.03962309149251461,0.09457135339504351,0.14714806762439384,0.05947058412617216,0.25607983663412537,Jail
Federal Bureau of Prisons,Male,3397,2842.1297934263107,0.06295978913443684,0.09353597235875422,0.07722429101762293,diabetes,0.007461340755050074,0.07796204020651774,0.09280992903915773,0.06531851138478813,0.097229332254702025,Federal prison
Federal Bureau of Prisons,Female,1026,729.3709011687938,0.08078522200978586,0.12189569015798196,0.09995478104238832,diabetes,0.009590070361264413,0.08944486494860877,0.10887584745610857,0.07319686643698806,0.11130638769159448,Federal prison
State correctional authorities such as the state department of corrections,Male,14605,11839.124044646433,0.04532193026915674,0.054072970084081406,0.049560692693748416,kidney,0.0021959677142463336,0.04957595526834946,0.054008970402812315,0.0454893019928839,0.046082157633681495,State prison
State correctional authorities such as the state department of corrections,Female,5087,2819.9142746396838,0.0696722450452778,0.08945000631342404,0.07914095308739802,kidney,0.004901172675891342,0.07894053959318686,0.08862942198671242,0.0702292172304437,0.06446239478841134,State prison
Local correctional authorities such as local jails or detention centers,Male,239,196.97019892372796,0.011939010540706728,0.06995867209023654,0.03259138169952804,kidney,0.01306438722441789,0.03693721211248448,0.07047412546707968,0.01903291231639768,0.3476952118006191,Jail
Local correctional authorities such as local jails or detention centers,Female,121,70.31258170247585,0.04363654155355528,0.20890444775073214,0.1068423448484301,kidney,0.03749661338690686,0.05928262468181626,0.11194362480738441,0.03054262807620105,0.35372418420393975,Jail
Federal Bureau of Prisons,Male,3397,2842.1297934263107,0.036836497216620086,0.057936817375886185,0.046549929228280426,kidney,0.005130999358350462,0.0458797889694669,0.05612588309156202,0.037430001390315035,0.10835365022619471,Federal prison
Federal Bureau of Prisons,Female,1026,729.3709011687938,0.045542506860652185,0.0862174762192578,0.06367695336294762,kidney,0.009352121337071244,0.0732237487516301,0.09077414941742477,0.05884695098197189,0.11937637017328181,Federal prison
State correctional authorities such as the state department of corrections,Male,14605,11839.124044646433,0.10177622654072607,0.11641210782982025,0.10893270082099606,asthma,0.003681491683533654,0.10857526392912906,0.11593786628289321,0.10162647372123924,0.037707052815916464,State prison
State correctional authorities such as the state department of corrections,Female,5087,2819.9142746396838,0.18473349311644113,0.21734186530747823,0.2006671775366715,asthma,0.008118839975995806,0.20536069959993958,0.22136387919831843,0.1902317930958524,0.048666400315210315,State prison
Local correctional authorities such as local jails or detention centers,Male,239,196.97019892372796,0.07310115954944733,0.16316565394978733,0.11245028437469795,asthma,0.021602359049111237,0.11629226532593988,0.15975847304919105,0.08347719807592052,0.18775528101190486,Jail
Local correctional authorities such as local jails or detention centers,Female,121,70.31258170247585,0.12765301157776213,0.4352628571635335,0.26031807764613996,asthma,0.07200335096284409,0.21827235231218453,0.2884400752452216,0.16130456957074377,0.19020273660600875,Jail
Federal Bureau of Prisons,Male,3397,2842.1297934263107,0.054539061145543424,0.07748738916182896,0.06531955988130206,asthma,0.005617334230501885,0.06753722082241702,0.0782170130606521,0.05822354569044888,0.08078093772404044,Federal prison
Federal Bureau of Prisons,Female,1026,729.3709011687938,0.13832916097496512,0.194071311857144,0.16479991606563305,asthma,0.01305505022803489,0.13320729521971256,0.15533731767485753,0.11380522826154527,0.09161136097668099,Federal prison
State correctional authorities such as the state department of corrections,Male,14605,11839.124044646433,0.024581279037698692,0.031659825102885564,0.027958656628663207,stroke,0.0017674915164357567,0.02780602418295315,0.03147206294610889,0.02455619850908099,0.06511629208115335,State prison
State correctional authorities such as the state department of corrections,Female,5087,2819.9142746396838,0.02615966352375567,0.03895748666208709,0.0321034776310195,stroke,0.0031415194711386716,0.03410770206863525,0.040634985983780215,0.028597655182054156,0.09280114742058133,State prison
Local correctional authorities such as local jails or detention centers,Male,239,196.97019892372796,0.001908910382547917,0.037468337305147315,0.011737548688680013,stroke,0.007381575646401589,0.01209804238809329,0.03904260182161122,0.0036776278285205444,0.6118801890077205,Jail
Local correctional authorities such as local jails or detention centers,Female,121,70.31258170247585,0.003177197133959896,0.058856722745765144,0.01883943348180895,stroke,0.01145247604330563,0.014894360066676722,0.047779391264082954,0.004535246927639015,0.6120336561693204,Jail
Federal Bureau of Prisons,Male,3397,2842.1297934263107,0.012506954873856493,0.023708826622371948,0.017466418193933995,stroke,0.002690345553429334,0.018576741872872612,0.024265330401849527,0.01420233375885366,0.13926345981535232,Federal prison
Federal Bureau of Prisons,Female,1026,729.3709011687938,0.02390318334920407,0.05881477785303235,0.03865348674791444,stroke,0.00788940429622223,0.022835918420615425,0.031406452396274986,0.01656420801118631,0.16708889187958206,Federal prison
State correctional authorities such as the state department of corrections,Male,14605,11839.124044646433,0.011045289427464728,0.015260086613300139,0.013028006031789507,stroke_problems,0.0010476206565781037,0.012944739526341634,0.015163753456399741,0.011046806427657619,0.08187349097807022,State prison
State correctional authorities such as the state department of corrections,Female,5087,2819.9142746396838,0.009970380505128875,0.018866537179980103,0.013908453767147699,stroke_problems,0.0021489070686126176,0.015001830498378178,0.019842781895643737,0.011328253749385194,0.14520413704849733,State prison
Local correctional authorities such as local jails or detention centers,Male,239,196.97019892372796,1.797679707647342e-5,0.006726819744962476,0.0011049924754610043,stroke_problems,0.0011680246637656602,0.00198609198477745,0.01030866520767519,3.80064907195561e-4,0.8445002338718111,Jail
Local correctional authorities such as local jails or detention centers,Female,121,70.31258170247585,0.0011420229906348872,0.046011617570956065,0.011948317174877857,stroke_problems,0.008783182682929023,0.00230577648137409,0.01235134853650471,4.2691571931580173e-4,0.8614788828800298,Jail
Federal Bureau of Prisons,Male,3397,2842.1297934263107,0.0030237133030908505,0.008990917175773272,0.005433785138961712,stroke_problems,0.001389182335472832,0.005952173582351298,0.009263556521179541,0.0038199251191895567,0.2273859942890649,Federal prison
Federal Bureau of Prisons,Female,1026,729.3709011687938,0.006559130655068323,0.026943047391442376,0.014290747880134284,stroke_problems,0.004445938671234245,0.006905827462719705,0.011637812052036609,0.004089926360147748,0.26871418258242163,Federal prison
State correctional authorities such as the state department of corrections,Male,14605,11839.124044646433,0.00979091891692961,0.014624787576928866,0.012030868575702585,hepB,0.0011951945751871823,0.012003422021782811,0.01459677219203164,0.00986620881530424,0.10114316074238262,State prison
State correctional authorities such as the state department of corrections,Female,5087,2819.9142746396838,0.007269792096595891,0.019301746157097788,0.012249369060135493,hepB,0.002839844795977219,0.01260977116376605,0.019186313099403492,0.008268483526625082,0.21755908587276354,State prison
Local correctional authorities such as local jails or detention centers,Male,239,196.97019892372796,0.0012430789341220428,0.032746897072775116,0.009446948349262156,hepB,0.006415235316267888,0.008972830490385159,0.04651133764553718,0.0016777037637789515,0.8592552491914371,Jail
Local correctional authorities such as local jails or detention centers,Female,121,70.31258170247585,7.709598662470184e-5,0.02504527256139122,0.004238917989243093,hepB,0.004330689583126341,0.009427551033302582,0.05027559820313983,0.0017081388682574712,0.8755235568266022,Jail
Federal Bureau of Prisons,Male,3397,2842.1297934263107,0.0052053857691233265,0.011688371162195343,0.007977287455050414,hepB,0.0015389756022373712,0.008245714461897632,0.011703096250417034,0.0058037299871533665,0.180438037767575,Federal prison
Federal Bureau of Prisons,Female,1026,729.3709011687938,0.00614020494444278,0.022503802645357784,0.012487897443264458,hepB,0.003596048447808313,0.008663908730140673,0.014844431659009073,0.005043490894561421,0.2779198525056868,Federal prison
State correctional authorities such as the state department of corrections,Male,14605,11839.124044646433,0.08191053907518117,0.09942852549353909,0.0903843177936996,hepC,0.00438902747327872,0.09037666478846713,0.09933378746483992,0.08215355144242846,0.05326400897031103,State prison
State correctional authorities such as the state department of corrections,Female,5087,2819.9142746396838,0.13643824229710677,0.17309614728397826,0.15410382153564853,hepC,0.009083488964880825,0.15420431353848343,0.17230065155072538,0.13769241378894226,0.06764937214639422,State prison
Local correctional authorities such as local jails or detention centers,Male,239,196.97019892372796,0.0349187131435638,0.10908812876030705,0.06507180706682332,hepC,0.017413846899614574,0.07271645468908901,0.11304839160396128,0.04602692303180595,0.2478194742143112,Jail
Local correctional authorities such as local jails or detention centers,Female,121,70.31258170247585,0.11465001096973726,0.33472735449289404,0.20945782238486443,hepC,0.05146871751827828,0.12579661784546448,0.19055445592837622,0.08084792274497925,0.25114497421787596,Jail
Federal Bureau of Prisons,Male,3397,2842.1297934263107,0.029453262282092458,0.05204100467930495,0.039619487081037325,hepC,0.005450538416211926,0.038702043013722646,0.04987406905839146,0.029953706714434074,0.13535896427219712,Federal prison
Federal Bureau of Prisons,Female,1026,729.3709011687938,0.03434475079614795,0.08479393304939864,0.055725050356639674,hepC,0.01140380622495056,0.06879509372170389,0.08979241991777144,0.05242503994572217,0.1475408708291972,Federal prison
State correctional authorities such as the state department of corrections,Male,14605,11839.124044646433,0.008811105376554131,0.013035019122980773,0.010771847889373088,hiv,0.0010450731900619543,0.01078820010158771,0.013041676077900532,0.008920583676792982,0.09794964624881956,State prison
State correctional authorities such as the state department of corrections,Female,5087,2819.9142746396838,0.008216312473745454,0.0208918427255822,0.013509111698781797,hiv,0.003000725726910133,0.013294389965913938,0.020428842209219176,0.008629583260336356,0.22289309706216778,State prison
Local correctional authorities such as local jails or detention centers,Male,239,196.97019892372796,4.421285982681715e-5,0.016658967473011432,0.002743076384997638,hiv,0.002900831983149646,0.002464968187048775,0.9999998125088115,1.1448465192831071e-12,10.965835257954167,Jail
Local correctional authorities such as local jails or detention centers,Female,121,70.31258170247585,0,0.04266661708845152,0,hiv,0,0.0030435501420530016,0.999999837560818,1.5139077487930422e-12,10.931141908724003,Jail
Federal Bureau of Prisons,Male,3397,2842.1297934263107,0.004621641159720567,0.012252626887081397,0.0077776234764346044,hiv,0.0017908646988513783,0.007689227453993793,0.01189583264721772,0.004962691214151106,0.22480823089648966,Federal prison
Federal Bureau of Prisons,Female,1026,729.3709011687938,0.0021339718620093256,0.021451273360065914,0.008223118147835357,hiv,0.003964613363509414,0.009482400832984789,0.01712511187319126,0.005232372950599023,0.30554346019486656,Federal prison
State correctional authorities such as the state department of corrections,Male,14605,11839.124044646433,0.15818009166693262,0.17938292276230683,0.16858260221512328,autoimmune,0.005333791490102195,0.16852452525433784,0.17915933390339303,0.15839917483612123,0.037790000075110894,State prison
State correctional authorities such as the state department of corrections,Female,5087,2819.9142746396838,0.2370346938921627,0.27931990391005124,0.2577547968007901,autoimmune,0.010519075797927822,0.25851740847808824,0.2790195558753487,0.2390223084299397,0.05324511435520865,State prison
Local correctional authorities such as local jails or detention centers,Male,239,196.97019892372796,0.11926171581251205,0.19134154482922283,0.15273944429218972,autoimmune,0.01763102870679234,0.15656083086983472,0.1917168926755018,0.12683985295270184,0.1250791050405699,Jail
Local correctional authorities such as local jails or detention centers,Female,121,70.31258170247585,0.14697218289210237,0.4577498517989207,0.28384499501225524,autoimmune,0.07300633757824111,0.242024649649887,0.2937367838149562,0.19687859039070119,0.13485317411676123,Jail
Federal Bureau of Prisons,Male,3397,2842.1297934263107,0.1091851036936557,0.147461378232851,0.1274126555081442,autoimmune,0.009394279249906417,0.1273650397149022,0.1455757004415274,0.11113611661590041,0.07894448808129349,Federal prison
Federal Bureau of Prisons,Female,1026,729.3709011687938,0.14488000789529953,0.2650149901316997,0.20000513326562233,autoimmune,0.02767840851981972,0.20068346473646995,0.23150614721959872,0.17304047898090535,0.09296192770040931,Federal prison
State correctional authorities such as the state department of corrections,Male,14605,11839.124044646433,0.01430595379923305,0.020012502493112483,0.016984762734727234,liver,0.0014171631423609994,0.017011882027469352,0.020022909331003848,0.01444697514933861,0.08471220961287244,State prison
State correctional authorities such as the state department of corrections,Female,5087,2819.9142746396838,0.015351174884186957,0.03171032692414899,0.022479221776117178,liver,0.003928402878976336,0.022123116959515493,0.030499455285395126,0.016009259985551562,0.1682115016279838,State prison
Local correctional authorities such as local jails or detention centers,Male,239,196.97019892372796,0.014475608512335642,0.04879606482583698,0.028077529166821744,liver,0.007998648207933555,0.02800678372867867,0.04780904561818654,0.01626640156413722,0.2833477228528079,Jail
Local correctional authorities such as local jails or detention centers,Female,121,70.31258170247585,0.008852694447362442,0.09264156249090127,0.035525237427383824,liver,0.017947273956000032,0.036299458668600244,0.06519171660103341,0.019938818235094562,0.3142755336745232,Jail
Federal Bureau of Prisons,Male,3397,2842.1297934263107,0.004203308712640211,0.01081208392566757,0.0069526719240994616,liver,0.0015541620030404583,0.006756247801145936,0.010333143706953122,0.004412001643078248,0.2186247389496039,Federal prison
Federal Bureau of Prisons,Female,1026,729.3709011687938,0.0023669612501152236,0.012528391189474575,0.00601554572884495,liver,0.002175949509649037,0.008813796484172529,0.014741677758127816,0.005256899488872403,0.26549415201327514,Federal prison
State correctional authorities such as the state department of corrections,Male,14605,11839.124044646433,0.03511943380681965,0.04347420955777204,0.03913736563617089,tb,0.002091511228220445,0.03916204821293091,0.04347114710107507,0.03526434345149543,0.05555414820349213,State prison
State correctional authorities such as the state department of corrections,Female,5087,2819.9142746396838,0.010403504315639054,0.022735853818342533,0.015711997893847245,tb,0.0029499134225386674,0.015387889719294487,0.021954452248078845,0.010763766639058278,0.18473842640356652,State prison
Local correctional authorities such as local jails or detention centers,Male,239,196.97019892372796,0.012690257405116931,0.07240686162852428,0.034073043091014256,tb,0.01347235617375304,0.032896570437321096,0.0723594967987027,0.014616548440038093,0.4234462891218602,Jail
Local correctional authorities such as local jails or detention centers,Female,121,70.31258170247585,0,0.04266661708845152,0,tb,0,0.012875036781391099,0.03090147676708633,0.00530677341548965,0.45610227379011764,Jail
Federal Bureau of Prisons,Male,3397,2842.1297934263107,0.014773352621898807,0.03162811927204923,0.02206584298610292,tb,0.004014951848370535,0.022028966144527835,0.03142523382586922,0.015397555900238086,0.18618063489696554,Federal prison
Federal Bureau of Prisons,Female,1026,729.3709011687938,0.0029690441020994245,0.017365087833830506,0.008037771677676716,tb,0.0030629834346589395,0.00856311622152503,0.014053616077183627,0.005206330811165151,0.2556010636130404,Federal prison
State correctional authorities such as the state department of corrections,Male,14605,11839.124044646433,0.026872070606505472,0.03497763528594855,0.03073242724425961,cancer,0.0020224413276667508,0.03069968828173756,0.03485656936243527,0.027024662373992262,0.06698433419143061,State prison
State correctional authorities such as the state department of corrections,Female,5087,2819.9142746396838,0.08507299771692418,0.108438229660627,0.09628432853320637,cancer,0.005791911970482203,0.09671422552048181,0.10791858428195308,0.08656025592693588,0.0622961274241385,State prison
Local correctional authorities such as local jails or detention centers,Male,239,196.97019892372796,0.010850876625076345,0.05135929033173048,0.025849082454159917,cancer,0.00923333308355333,0.02535714637876915,0.04646316539283505,0.013700836861850038,0.320155016865238,Jail
Local correctional authorities such as local jails or detention centers,Female,121,70.31258170247585,0.033521113846860004,0.14229969114265728,0.0754579531262851,cancer,0.024707724136405308,0.08084158448004497,0.14000569407552338,0.04536053413386174,0.3141508331316266,Jail
Federal Bureau of Prisons,Male,3397,2842.1297934263107,0.018108090569914616,0.03737620114965634,0.0265104028567772,cancer,0.004601344720575978,0.02682119782492664,0.03575256011881295,0.020074533008291144,0.15135442752880104,Federal prison
Federal Bureau of Prisons,Female,1026,729.3709011687938,0.07012871920218663,0.11250196484480957,0.08965657797638524,cancer,0.009846254754753491,0.08522901767233784,0.1117714450589035,0.0645317056062957,0.15334914852080112,Federal prison
State correctional authorities such as the state department of corrections,Male,14605,11839.124044646433,0.23737426040878298,0.26479438118615095,0.2508977860519113,depression,0.006900923079411218,0.25047167896718353,0.26412294688412685,0.23729845543069986,0.03645469666627106,State prison
State correctional authorities such as the state department of corrections,Female,5087,2819.9142746396838,0.45821875451740257,0.517327939675662,0.4877413611540481,depression,0.014696962839924431,0.4933365959006301,0.5199291456460776,0.4667816964100274,0.05429387121704601,State prison
Local correctional authorities such as local jails or detention centers,Male,239,196.97019892372796,0.21888657841435322,0.3349174104473194,0.2740865599225657,depression,0.028417767843890065,0.27437647894411116,0.3283736098628952,0.2262671853507354,0.13111462150467898,Jail
Local correctional authorities such as local jails or detention centers,Female,121,70.31258170247585,0.38635906559965805,0.6652769825167325,0.5273820873729956,depression,0.06640625757287474,0.5242092830755097,0.5897680293662858,0.4578054229361301,0.13576453283777073,Jail
Federal Bureau of Prisons,Male,3397,2842.1297934263107,0.1087554324786939,0.15125977538877944,0.12890198306691295,depression,0.01041128594396602,0.13209311227969456,0.15168433700158904,0.1146901498433687,0.08220874902129002,Federal prison
Federal Bureau of Prisons,Female,1026,729.3709011687938,0.3147761742130311,0.3920222933094676,0.35268356683818,depression,0.01818092530419047,0.3072229948664755,0.34740635086133953,0.26976619778159133,0.0932031392713421,Federal prison
State correctional authorities such as the state department of corrections,Male,14605,11839.124044646433,0.23006556288361527,0.24665993008185028,0.2382882520190785,insurance_employer,0.004190181433228664,0.23779875066117398,0.24607940641612477,0.2297118409539547,0.023037730618941446,State prison
State correctional authorities such as the state department of corrections,Female,5087,2819.9142746396838,0.16067180459648583,0.1947032752616067,0.17720947774332302,insurance_employer,0.008457439180319468,0.18363714634173553,0.19990399365910352,0.16841535795280924,0.05357376049160515,State prison
Local correctional authorities such as local jails or detention centers,Male,239,196.97019892372796,0.1055800058141609,0.2674264130249637,0.17597902757441547,insurance_employer,0.03863796473230536,0.18119236667144897,0.26290476372243055,0.12071734741236984,0.24355787146845623,Jail
Local correctional authorities such as local jails or detention centers,Female,121,70.31258170247585,0.11554789675900938,0.2967685237658484,0.19464963969148955,insurance_employer,0.04254797033377107,0.13759609731432965,0.2045803184245662,0.09006077406841033,0.2436228132371995,Jail
Federal Bureau of Prisons,Male,3397,2842.1297934263107,0.2031567928744755,0.25752763421942504,0.2295013658487564,insurance_employer,0.013383108966831158,0.232544546162579,0.25860814331909493,0.2083694801122139,0.07182952550249767,Federal prison
Federal Bureau of Prisons,Female,1026,729.3709011687938,0.17787281157213752,0.272742180452752,0.22265104503875985,insurance_employer,0.02207499490014956,0.1792981410567582,0.20515426683082547,0.15606091031110106,0.08506485629752673,Federal prison
State correctional authorities such as the state department of corrections,Male,14605,11839.124044646433,0.07891445658122762,0.0940087526679968,0.08623822059927537,insurance_direct,0.0037868406137778602,0.08598310238577637,0.09366934440727269,0.07887268455258413,0.047993245415750625,State prison
State correctional authorities such as the state department of corrections,Female,5087,2819.9142746396838,0.04805895098554104,0.06833239017925097,0.057575681295433265,insurance_direct,0.00499078657954996,0.06092565216665472,0.07081450084014831,0.05233994010647926,0.08214219748365119,State prison
Local correctional authorities such as local jails or detention centers,Male,239,196.97019892372796,0.04050393437285764,0.12457788024278127,0.07488091145597076,insurance_direct,0.01977004775698378,0.07635309451706809,0.1229161321515443,0.04649400856014009,0.2693217612790655,Jail
Local correctional authorities such as local jails or detention centers,Female,121,70.31258170247585,0.022988185148626054,0.15644851851789954,0.07004766334843635,insurance_direct,0.029561239884428447,0.05393644277612489,0.08907956780438946,0.03216816008796099,0.2752998661520387,Jail
Federal Bureau of Prisons,Male,3397,2842.1297934263107,0.07977784026989339,0.1178104849885504,0.09757381913535317,insurance_direct,0.009282575272767763,0.09931870899921194,0.11839096924201462,0.08302954274206371,0.10054331133090692,Federal prison
Federal Bureau of Prisons,Female,1026,729.3709011687938,0.0657199319162613,0.13304046795333613,0.09553302247442753,insurance_direct,0.015416008854942048,0.07067546131751977,0.08855459984911195,0.056183597907122455,0.12497536119769091,Federal prison
State correctional authorities such as the state department of corrections,Male,14605,11839.124044646433,0.007152697445045186,0.011270879208639895,0.009040862694530628,insurance_other,0.0010145791948278594,0.009074070240251513,0.011276770741320054,0.007298448950144508,0.1120170310339987,State prison
State correctional authorities such as the state department of corrections,Female,5087,2819.9142746396838,0.010420750732283041,0.021859568545677055,0.015384181347886257,insurance_other,0.0027438044088411552,0.014948131375292866,0.021572837879458996,0.010336285159860842,0.19061404844825489,State prison
Local correctional authorities such as local jails or detention centers,Male,239,196.97019892372796,1.270442537726881e-4,0.04923887179697106,0.008166288872118378,insurance_other,0.008653662367017353,0.011171762397057658,0.09111841233900864,0.0012715991319736508,1.1138349259832632,Jail
Local correctional authorities such as local jails or detention centers,Female,121,70.31258170247585,0.0011418920513504816,0.26033085692303526,0.05126975743137612,insurance_other,0.04961692452813518,0.018378570324854734,0.152275364099608,0.0019476632102167113,1.153671720139619,Jail
Federal Bureau of Prisons,Male,3397,2842.1297934263107,0.008754174573546526,0.01973625182628891,0.013450601774856586,insurance_other,0.002606529327326242,0.012815536695497358,0.01860324924885212,0.008812288237730014,0.19314544660725536,Federal prison
Federal Bureau of Prisons,Female,1026,729.3709011687938,0.004124406292862038,0.02701016382100696,0.012013058670756268,insurance_other,0.0048366485446188455,0.021060145138872628,0.03411401201990513,0.01293450279208693,0.25293843054752535,Federal prison
State correctional authorities such as the state department of corrections,Male,14605,11839.124044646433,0.1611459449485812,0.19294270946392722,0.1766248803262527,publicAssistance_30d,0.00796653275944274,0.17664822103803024,0.19268313784780083,0.16168047442373815,0.0543653228140794,State prison
State correctional authorities such as the state department of corrections,Female,5087,2819.9142746396838,0.34073933573712895,0.40092141604828824,0.3704553388137324,publicAssistance_30d,0.014944877078387047,0.37014885097701006,0.3982797043931413,0.342872723874408,0.06068484806438255,State prison
Local correctional authorities such as local jails or detention centers,Male,239,196.97019892372796,0.16893179454077706,0.5569385720972907,0.34404374525823245,publicAssistance_30d,0.09326984106462907,0.33770370207104217,0.5284731614621986,0.18829848486715037,0.40182378427323845,Jail
Local correctional authorities such as local jails or detention centers,Female,121,70.31258170247585,0.38904373994764857,0.6365007263438602,0.5133729047534221,publicAssistance_30d,0.05903931301788019,0.5827568287974957,0.7505229446277885,0.3933620609098362,0.39148804810625304,Jail
Federal Bureau of Prisons,Male,3397,2842.1297934263107,0.07110274249437006,0.12786359587329132,0.0967693584505374,publicAssistance_30d,0.01367937898855465,0.09740150913345401,0.12505617485262335,0.07533577346259326,0.14339011513502684,Federal prison
Federal Bureau of Prisons,Female,1026,729.3709011687938,0.1858046027337395,0.2948597036708652,0.2371547479635657,publicAssistance_30d,0.025318736206946916,0.2281492530389295,0.2831343222026383,0.1811441010424496,0.14787215746478555,Federal prison
State correctional authorities such as the state department of corrections,Male,14605,11839.124044646433,0.0260972097717409,0.0331511152244891,0.02947178747077119,va_eligible,0.0017629502560809703,0.02943263421735255,0.0330965785835155,0.026163329937011336,0.06179095302707242,State prison
State correctional authorities such as the state department of corrections,Female,5087,2819.9142746396838,0.00364820781210359,0.010758349582776883,0.0065254990718155576,va_eligible,0.0016656713477959776,0.007039625105868247,0.01109952743072707,0.004458029078324994,0.23441486024516087,State prison
Local correctional authorities such as local jails or detention centers,Male,239,196.97019892372796,0.005300173162122172,0.05277379093334278,0.020410129291562662,va_eligible,0.010313389202111146,0.023556207674053902,0.057332038894477425,0.009478541151322574,0.4717807640024368,Jail
Local correctional authorities such as local jails or detention centers,Female,121,70.31258170247585,0.003499831791483647,0.15214714890337222,0.04003821238668338,va_eligible,0.029755514972490307,0.0056082813092277715,0.01586287778312998,0.0019695273628790905,0.5357768405831207,Jail
Federal Bureau of Prisons,Male,3397,2842.1297934263107,0.019947837031416865,0.03903775477462146,0.028360921699099397,va_eligible,0.004575153215180847,0.02825611008723586,0.03865373299887891,0.02059546599111779,0.1653557185837684,Federal prison
Federal Bureau of Prisons,Female,1026,729.3709011687938,0.0018022312085919296,0.011876199069274507,0.005258859361641774,va_eligible,0.00212485956641796,0.0067519997838376596,0.011621822500648096,0.003914667637968602,0.27957699525963015,Federal prison
State correctional authorities such as the state department of corrections,Male,14605,11839.124044646433,0.08372023500679146,0.09723735825380864,0.0903084370819207,homeless_12m,0.0033969877288808964,0.09032475473264734,0.09718524267119605,0.08390355328758771,0.04121381110099181,State prison
State correctional authorities such as the state department of corrections,Female,5087,2819.9142746396838,0.13273514444232107,0.1691466815635163,0.15026546486210962,homeless_12m,0.009020122527035417,0.15005119695818897,0.16766443518735794,0.13399037848220594,0.06731167398972131,State prison
Local correctional authorities such as local jails or detention centers,Male,239,196.97019892372796,0.08340491198429414,0.2599441982436239,0.15735082237616535,homeless_12m,0.04172794098999896,0.15275190824740942,0.24890547490271986,0.08932549195098237,0.31057721899554525,Jail
Local correctional authorities such as local jails or detention centers,Female,121,70.31258170247585,0.10218718324819935,0.3145088233934372,0.19241311661115199,homeless_12m,0.04950494243780726,0.2427425385284552,0.3673477427650527,0.15035852206767905,0.30311268541768904,Jail
Federal Bureau of Prisons,Male,3397,2842.1297934263107,0.03190277304910366,0.05207169439361514,0.041118255845199125,homeless_12m,0.004892598964192363,0.041581449938549404,0.05144303521691856,0.03354347046661327,0.11386110619817306,Federal prison
Federal Bureau of Prisons,Female,1026,729.3709011687938,0.05472636701713491,0.10765024301778725,0.0782127417267642,homeless_12m,0.012139429001442067,0.07161420698731864,0.09051526134102171,0.05641517708243836,0.12999940301923518,Federal prison
State correctional authorities such as the state department of corrections,Male,14605,11839.124044646433,0.3860483452477415,0.4214532395829146,0.4036568695593703,mhDiagnosis_any,0.00891105199616656,0.4034558631024466,0.420904843414746,0.38624777347113964,0.03674868945370165,State prison
State correctional authorities such as the state department of corrections,Female,5087,2819.9142746396838,0.6547862251618856,0.7134947599115905,0.6846897750814891,mhDiagnosis_any,0.014566084770409575,0.6873292011225747,0.7128803577372861,0.6605868189200395,0.06211956828191411,State prison
Local correctional authorities such as local jails or detention centers,Male,239,196.97019892372796,0.38913807172145287,0.5542612111672187,0.47111724546415734,mhDiagnosis_any,0.04040592382450116,0.4632187020459806,0.5409279784987359,0.38725584182438805,0.15891643033445194,Jail
Local correctional authorities such as local jails or detention centers,Female,121,70.31258170247585,0.5160562768641528,0.7698455049484432,0.6507391489606966,mhDiagnosis_any,0.06024119884110402,0.7371789286768395,0.7950768773408058,0.6697181219004291,0.16553709007152953,Jail
Federal Bureau of Prisons,Male,3397,2842.1297934263107,0.191155106995339,0.2545639742871594,0.2216563567037519,mhDiagnosis_any,0.015556238109645673,0.2241869821907056,0.2536661803948908,0.19722831150328782,0.0827960427664861,Federal prison
Federal Bureau of Prisons,Female,1026,729.3709011687938,0.4635541512673168,0.5768287166574075,0.520385601228961,mhDiagnosis_any,0.0265280495750372,0.48433451238683073,0.5317198702054698,0.4372291653810052,0.09680411158713847,Federal prison
State correctional authorities such as the state department of corrections,Male,14605,11839.124044646433,0.3820278329349249,0.41619511729584724,0.39901942710649235,opioidUse_any,0.008601834800019277,0.39914108946781646,0.4159906304493274,0.382527004520457,0.03560825515175614,State prison
State correctional authorities such as the state department of corrections,Female,5087,2819.9142746396838,0.47881827336360755,0.5545254902560924,0.5167434200173686,opioidUse_any,0.018759317945127914,0.5151458653437522,0.5489060496017839,0.4812468859658984,0.06921028269657824,State prison
Local correctional authorities such as local jails or detention centers,Male,239,196.97019892372796,0.4196004262961656,0.589083614845239,0.5044359189912349,opioidUse_any,0.04145361124804128,0.5023461278373276,0.5777489361691888,0.4268364530653697,0.15518384770104068,Jail
Local correctional authorities such as local jails or detention centers,Female,121,70.31258170247585,0.4450898414977619,0.7323713320134567,0.59464903796576285,opioidUse_any,0.06825245214015084,0.6175192150899064,0.690802482057143,0.5384712825490893,0.16573869898658952,Jail
Federal Bureau of Prisons,Male,3397,2842.1297934263107,0.2249518000859088,0.2825150098774919,0.2529275579130478,opioidUse_any,0.01417294974102636,0.2522725140211504,0.27920278052310366,0.22712130671365544,0.07046515245230975,Federal prison
Federal Bureau of Prisons,Female,1026,729.3709011687938,0.28686786871064907,0.39871989176606903,0.3411593363868468,opioidUse_any,0.026128566083968116,0.35049103942491694,0.39416330689334117,0.3091880827578636,0.09542845382414346,Federal prison
State correctional authorities such as the state department of corrections,Male,14605,11839.124044646433,0.24258623568235127,0.26413507270359116,0.2532470872252164,alcoholUse_any,0.005433750646549807,0.25279453378559164,0.2635409059023756,0.24234216809083445,0.028632192581874712,State prison
State correctional authorities such as the state department of corrections,Female,5087,2819.9142746396838,0.20963553732938825,0.252067681162383,0.23034096801491838,alcoholUse_any,0.010543689731019122,0.23628347140109268,0.2556869632239478,0.2179213484605328,0.05339723214009898,State prison
Local correctional authorities such as local jails or detention centers,Male,239,196.97019892372796,0.2773817259367423,0.3883027619966235,0.33110803352676293,alcoholUse_any,0.027284562674859254,0.32572103770313626,0.3788255196720149,0.2767442806211799,0.1189135795048433,Jail
Local correctional authorities such as local jails or detention centers,Female,121,70.31258170247585,0.15281489200970227,0.36396071923239737,0.24744601785558012,alcoholUse_any,0.04981445752965248,0.3064000184983956,0.3612302016789432,0.2565497786002933,0.12601006902994075,Jail
Federal Bureau of Prisons,Male,3397,2842.1297934263107,0.17467579040134817,0.22895092975104359,0.20079361745657334,alcoholUse_any,0.013334345651365808,0.20490945839286145,0.2308437087285956,0.18120240194012815,0.07772310636842895,Federal prison
Federal Bureau of Prisons,Female,1026,729.3709011687938,0.20847862217901866,0.29385413916351655,0.24936158353123655,alcoholUse_any,0.019962751309367484,0.1907276418937017,0.21905300150665694,0.1652897629408157,0.08882586767265817,Federal prison
State correctional authorities such as the state department of corrections,Male,14605,11839.124044646433,0.37958156340758653,0.40530256447394,0.3923860734814935,idd_any,0.006488646160072011,0.3921931481867368,0.40491438585292644,0.37961662129118806,0.027078598308447128,State prison
State correctional authorities such as the state department of corrections,Female,5087,2819.9142746396838,0.3431638312097274,0.37711390707305925,0.3600077661880362,idd_any,0.008482777288933834,0.36254107807647606,0.3795073450164865,0.34591046227883326,0.03709876120728868,State prison
Local correctional authorities such as local jails or detention centers,Male,239,196.97019892372796,0.32606838402277655,0.5096537766817433,0.4157112212274571,idd_any,0.04477470061115485,0.41805529728914553,0.5007709015502233,0.3397054640386946,0.17033237754886532,Jail
Local correctional authorities such as local jails or detention centers,Female,121,70.31258170247585,0.25892058598490497,0.5813384965910712,0.41334813354435623,idd_any,0.07653002862786079,0.38769512289635244,0.47015957698361055,0.31119930409532925,0.17220079110168518,Jail
Federal Bureau of Prisons,Male,3397,2842.1297934263107,0.18690406421507053,0.2578150070193094,0.22084918290421654,idd_any,0.01735579911675122,0.22201165775537662,0.2559476112260918,0.19141768293329367,0.09532980242989339,Federal prison
Federal Bureau of Prisons,Female,1026,729.3709011687938,0.16297948319800046,0.2804798102406896,0.21753242850850235,idd_any,0.027159539540069843,0.2009719044989219,0.23361639520585104,0.1718660422018673,0.09807761256327366,Federal prison
State correctional authorities such as the state department of corrections,Male,14605,11839.124044646433,0.047679899815427265,0.05748237187402849,0.05241953193504828,smi_any,0.002458009016460407,0.05228562073712785,0.05728987583392753,0.047696369883976755,0.04933603778780891,State prison
State correctional authorities such as the state department of corrections,Female,5087,2819.9142746396838,0.08633140805301022,0.11273622689496476,0.0989510572900709,smi_any,0.006534416642551833,0.10070945206204546,0.11361606502642897,0.0891215943550498,0.0688998555162288,State prison
Local correctional authorities such as local jails or detention centers,Male,239,196.97019892372796,0.030951280964593136,0.08278062007424469,0.05257256143920449,smi_any,0.012276482580330967,0.05436447899346289,0.08018777688361922,0.03652695569069553,0.21242624061183113,Jail
Local correctional authorities such as local jails or detention centers,Female,121,70.31258170247585,0.06566797146285237,0.20704003775689261,0.12411164639384402,smi_any,0.032758206520265336,0.10450132706548712,0.15172991694876947,0.07074739233151435,0.21790398770261177,Jail
Federal Bureau of Prisons,Male,3397,2842.1297934263107,0.01089952551907193,0.020970852383315308,0.015344221620530129,smi_any,0.002416370177521706,0.016130071197832947,0.021036401267429398,0.012353606799481769,0.13804757088084155,Federal prison
Federal Bureau of Prisons,Female,1026,729.3709011687938,0.03233981863109091,0.056885242437337946,0.04340183670118135,smi_any,0.005670808618108799,0.03220672775515721,0.042849015279453596,0.024140968939644656,0.15131127623064408,Federal prison
State correctional authorities such as the state department of corrections,Male,14605,11839.124044646433,0.4696692586544455,0.5045986325074312,0.48712216840803046,ami_any,0.00879526772899601,0.48682811031130374,0.5039543877493219,0.46973270609301326,0.03495861835602786,State prison
State correctional authorities such as the state department of corrections,Female,5087,2819.9142746396838,0.7215446384232947,0.7767943042780662,0.7499263834575086,ami_any,0.013687490436781706,0.7537876753282496,0.7771650188370663,0.7288136223949898,0.06648323489834239,State prison
Local correctional authorities such as local jails or detention centers,Male,239,196.97019892372796,0.4588309833206404,0.6224795436929116,0.5414797500079915,ami_any,0.04004814868017848,0.5326607653028641,0.608967282132791,0.4547951236089123,0.15926004702652885,Jail
Local correctional authorities such as local jails or detention centers,Female,121,70.31258170247585,0.5617995411456583,0.7994487087894177,0.6897334094000614,ami_any,0.05631466373522652,0.7862462795422939,0.8365617319223507,0.7255231709406781,0.16858442381165842,Jail
Federal Bureau of Prisons,Male,3397,2842.1297934263107,0.26778006466395704,0.33173491729062776,0.2990278994527182,ami_any,0.0157497776022313,0.302380915484123,0.3321649934008995,0.2741710774136364,0.07019331231549651,Federal prison
Federal Bureau of Prisons,Female,1026,729.3709011687938,0.5842423769075235,0.6758001427600063,0.6308955323872303,ami_any,0.021493520034271154,0.5831287334433818,0.6255512061764419,0.5394386268259157,0.09058718305002884,Federal prison
State correctional authorities such as the state department of corrections,Male,14605,11839.124044646433,0.5083026014476941,0.5407956206696899,0.5245685960964969,chronic_any,0.00818631920255402,0.5242591669788987,0.5401565127078259,0.5083125057084706,0.03258214530245846,State prison
State correctional authorities such as the state department of corrections,Female,5087,2819.9142746396838,0.6143670827864378,0.6628431517549663,0.638869258812202,chronic_any,0.01206912879331512,0.6429323858307846,0.6648022837611454,0.6204502369761192,0.04931453787026963,State prison
Local correctional authorities such as local jails or detention centers,Male,239,196.97019892372796,0.37630097178996647,0.5655344332102745,0.470128043401949,chronic_any,0.0461654578535486,0.47840432103546404,0.5610241001090646,0.39694938978034244,0.16926629474393434,Jail
Local correctional authorities such as local jails or detention centers,Female,121,70.31258170247585,0.5750340781945398,0.7905957719638159,0.6903575677688311,chronic_any,0.05120392981669431,0.5997839535822057,0.6780722305811208,0.5160453327322522,0.17365707852662052,Jail
Federal Bureau of Prisons,Male,3397,2842.1297934263107,0.38951879785721344,0.46849375115107916,0.4286683575601584,chronic_any,0.0194392886764488,0.4299565155716096,0.46623941347110115,0.39441076596074814,0.07488935356313964,Federal prison
Federal Bureau of Prisons,Female,1026,729.3709011687938,0.5272828849768695,0.612746899880318,0.5704049289640925,chronic_any,0.020109430386692773,0.5520539356190333,0.592423225049786,0.5109866984207497,0.08419493950964442,Federal prison
State correctional authorities such as the state department of corrections,Male,14605,11839.124044646433,0.4863078846992656,0.5200344905768362,0.5031738926383842,sud_any,0.00849482854232816,0.5032718117284893,0.5198053776702412,0.4867310873540581,0.0337636557122891,State prison
State correctional authorities such as the state department of corrections,Female,5087,2819.9142746396838,0.5733289220197578,0.6363852673725956,0.6051833344697716,sud_any,0.015654504495296814,0.6038975539018423,0.6320548603422163,0.5750342524434189,0.06087390119508415,State prison
Local correctional authorities such as local jails or detention centers,Male,239,196.97019892372796,0.5385989690237214,0.7406516781970185,0.6443334373549974,sud_any,0.049049584325564236,0.6402814980378164,0.7240477246778871,0.5469965848326943,0.19798488253748583,Jail
Local correctional authorities such as local jails or detention centers,Female,121,70.31258170247585,0.4933875207902158,0.8377340133361875,0.6838013467747959,sud_any,0.0811403454930284,0.7281448065059756,0.7993172913064037,0.643004351986439,0.20245396992454395,Jail
Federal Bureau of Prisons,Male,3397,2842.1297934263107,0.3300032718216238,0.40067769459676994,0.3647981290224344,sud_any,0.01740882551903121,0.364573324992214,0.3973949962133047,0.3329646268975001,0.07104100622322815,Federal prison
Federal Bureau of Prisons,Female,1026,729.3709011687938,0.3894977026343043,0.5319698249651286,0.4601322063235351,sud_any,0.03320438425642468,0.46333474660750085,0.5072711577236787,0.4199603459590073,0.08980339995957376,Federal prison
State correctional authorities such as the state department of corrections,Male,14605,11839.124044646433,0.5052143034087659,0.538198212975721,0.5217240010334381,sud_smi,0.008309075406047002,0.5218437242294556,0.5380018891695515,0.5056397175797953,0.03309791496260207,State prison
State correctional authorities such as the state department of corrections,Female,5087,2819.9142746396838,0.6046796759250176,0.6625681751245879,0.6339847342419487,sud_smi,0.014381778501569732,0.6324126428468554,0.6584045234660949,0.6056276632995976,0.05796596302526285,State prison
Local correctional authorities such as local jails or detention centers,Male,239,196.97019892372796,0.5551207278997298,0.7711605725141775,0.6696772648950173,sud_smi,0.0522737652652889,0.6651457066242554,0.7527682509944185,0.5644371663315711,0.21792269249385046,Jail
Local correctional authorities such as local jails or detention centers,Female,121,70.31258170247585,0.545394553580308,0.8397357843812252,0.7083555176861198,sud_smi,0.0692811840951298,0.7579478131194584,0.8280614216219861,0.6706159771621195,0.21964119809268146,Jail
Federal Bureau of Prisons,Male,3397,2842.1297934263107,0.33594904068502135,0.40720708869616906,0.37105595439549316,sud_smi,0.017552594779271888,0.3707271638323634,0.40379059534758577,0.3388324523340747,0.07112528634875642,Federal prison
Federal Bureau of Prisons,Female,1026,729.3709011687938,0.4054411084321956,0.5489400004277348,0.47683749859331515,sud_smi,0.03344287549660018,0.48152142273104787,0.5246076373993132,0.438708274048387,0.08799045583900003,Federal prison
State correctional authorities such as the state department of corrections,Male,14605,11839.124044646433,0.6669269345080561,0.6942824198803486,0.6807212597007991,sud_smi_idd,0.006893333630368007,0.6806881009116307,0.6939555632615347,0.6671213712218131,0.03150148937082917,State prison
State correctional authorities such as the state department of corrections,Female,5087,2819.9142746396838,0.7168809409094175,0.7576974247762401,0.7376711914102606,sud_smi_idd,0.010159684024022982,0.7381066011238572,0.7567649250327343,0.7185493202727947,0.05044663826380562,State prison
Local correctional authorities such as local jails or detention centers,Male,239,196.97019892372796,0.6729821637317557,0.8581610217320774,0.7753840468546275,sud_smi_idd,0.04445548810881826,0.7766608563027068,0.844947075571227,0.689357482033371,0.22918541010816118,Jail
Local correctional authorities such as local jails or detention centers,Female,121,70.31258170247585,0.7279492993135663,0.9129921885577131,0.8353240487442005,sud_smi_idd,0.043026208465044256,0.8213509497360936,0.8780470862715388,0.7459237999705254,0.22885011741637976,Jail
Federal Bureau of Prisons,Male,3397,2842.1297934263107,0.4461676938232774,0.5307891378408585,0.4884166931616546,sud_smi_idd,0.020813957725330894,0.48850498176723367,0.527223004683828,0.44992439824080005,0.07907695585649359,Federal prison
Federal Bureau of Prisons,Female,1026,729.3709011687938,0.48659705797837044,0.6301749709981035,0.5593015601220563,sud_smi_idd,0.0334483991884467,0.5580438076883328,0.5998380214082905,0.5154109079448813,0.08753402676344833,Federal prison
State correctional authorities such as the state department of corrections,Male,14605,11839.124044646433,0.7598773870929256,0.7850794286500923,0.7726629715783014,sud_ami_idd,0.006343418054342873,0.772634057883017,0.7847593988841028,0.7600345191737318,0.03590676338456168,State prison
State correctional authorities such as the state department of corrections,Female,5087,2819.9142746396838,0.8672267122206613,0.9074899315346678,0.8885340611279267,sud_ami_idd,0.00989956789195166,0.8889137154413055,0.9049959413594597,0.8704986637346318,0.08893934381447662,State prison
Local correctional authorities such as local jails or detention centers,Male,239,196.97019892372796,0.7264996209901314,0.9124990600341139,0.8343998392819411,sud_ami_idd,0.0439868342624733,0.8355686744841636,0.8997750282932493,0.7420233577928839,0.2903664865339029,Jail
Local correctional authorities such as local jails or detention centers,Female,121,70.31258170247585,0.8506516433924637,0.9803333369062555,0.9356665635936222,sud_ami_idd,0.02852508980417671,0.9228751010112345,0.9554052617213739,0.8698480284228703,0.297174847251229,Jail
Federal Bureau of Prisons,Male,3397,2842.1297934263107,0.548202170977889,0.6302959114564507,0.5897136017595145,sud_ami_idd,0.020189485527172778,0.5897835068292456,0.6273549350332958,0.5511343266961679,0.0805196363870707,Federal prison
Federal Bureau of Prisons,Female,1026,729.3709011687938,0.7164305193318987,0.8230219010950535,0.7729747095789734,sud_ami_idd,0.024736056887269733,0.7719788353918711,0.8078596078135345,0.7316235385567178,0.11053432400778576,Federal prison
State correctional authorities such as the state department of corrections,Male,14605,11839.124044646433,0.8578675988746322,0.8771790928398855,0.8677467688609143,sud_ami_idd_chronic,0.004852553579198112,0.8677968038819028,0.8769748769448339,0.8580448508625946,0.0420784627654957,State prison
State correctional authorities such as the state department of corrections,Female,5087,2819.9142746396838,0.9266580294035908,0.9570329742065111,0.9432440050993135,sud_ami_idd_chronic,0.007387460708184798,0.9425869922669229,0.9538589316113029,0.9287670366910847,0.11758127328793422,State prison
Local correctional authorities such as local jails or detention centers,Male,239,196.97019892372796,0.825658022276865,0.9456127893423549,0.8964946765187217,sud_ami_idd_chronic,0.028200363469274438,0.898130125172329,0.9387302736114459,0.8353453627402398,0.28195601103246787,Jail
Local correctional authorities such as local jails or detention centers,Female,121,70.31258170247585,0.934960637727286,0.9932499910076152,0.9745159196122178,sud_ami_idd_chronic,0.012498975508174349,0.956617958367619,0.975407790874914,0.9245816765732895,0.2995296896794728,Jail
Federal Bureau of Prisons,Male,3397,2842.1297934263107,0.7095665882489527,0.7810469928431604,0.7465415329528167,sud_ami_idd_chronic,0.017531695396426468,0.745953796776344,0.7779804758665232,0.711023254686892,0.09019991932525062,Federal prison
Federal Bureau of Prisons,Female,1026,729.3709011687938,0.8373021073114818,0.9012654965316343,0.8717809510812808,sud_ami_idd_chronic,0.014833174290273313,0.8801537930794806,0.9057944845708719,0.8486999784640958,0.13747516224827738,Federal prison
State correctional authorities such as the state department of corrections,Male,14605,11839.124044646433,0.1267799245560748,0.1457182580748556,0.13604137917345271,spd,0.004760932387390743,0.1355793755108823,0.1451166923360045,0.12657606063609023,0.04034535076276739,State prison
State correctional authorities such as the state department of corrections,Female,5087,2819.9142746396838,0.16863195292427413,0.2013841092477603,0.18458859631589877,spd,0.008147331931989625,0.19065518998019107,0.20663854378693391,0.1756344453289208,0.0512513043191077,State prison
Local correctional authorities such as local jails or detention centers,Male,239,196.97019892372796,0.12305124150718877,0.23911169855866043,0.1755856728994852,spd,0.028071415318041613,0.1760322758065457,0.23175174457843212,0.13141767123791948,0.17603272346302098,Jail
Local correctional authorities such as local jails or detention centers,Female,121,70.31258170247585,0.15708143490431425,0.3584180178566728,0.2478105401943251,spd,0.04757472017184495,0.24292302424827575,0.3131095160680504,0.18424934241516305,0.179135162302668,Jail
Federal Bureau of Prisons,Male,3397,2842.1297934263107,0.0651653073504219,0.08922133325644221,0.07655073569457094,spd,0.0059023577023488375,0.07999381889576318,0.09155145681178664,0.06978316143309997,0.07530442329830155,Federal prison
Federal Bureau of Prisons,Female,1026,729.3709011687938,0.1293759790645934,0.20484910460048755,0.16455649302963768,spd,0.01753984928955268,0.11550660437029486,0.1352581391033838,0.0983114444755104,0.09206362853297682,Federal prison
State correctional authorities such as the state department of corrections,Male,14605,11839.124044646433,0.3893675364819621,0.4089876605491649,0.39914721302783085,mpd,0.004957391796017594,0.3986705067715697,0.4083470437431812,0.38907248270517614,0.020513089991919184,State prison
State correctional authorities such as the state department of corrections,Female,5087,2819.9142746396838,0.44983825406204525,0.4847402680425408,0.46725925725121426,mpd,0.008724645023726383,0.47351891142340813,0.490164597746848,0.4569318815881142,0.03401943931949891,State prison
Local correctional authorities such as local jails or detention centers,Male,239,196.97019892372796,0.24790875782507446,0.47992797931565423,0.35783382383800166,mpd,0.05614863191639021,0.357593312295661,0.4623683338438525,0.26486408249645077,0.22194967742521549,Jail
Local correctional authorities such as local jails or detention centers,Female,121,70.31258170247585,0.27210583660888016,0.594343855466575,0.4276154938686504,mpd,0.07652667723267129,0.43024759496125337,0.5383156908060299,0.3284407219635904,0.22163921246502458,Jail
Federal Bureau of Prisons,Male,3397,2842.1297934263107,0.2613240878660221,0.310013633051344,0.2852030085178968,mpd,0.012033017945398619,0.2888451501418595,0.3114566389526498,0.2672381066633176,0.05494044751679711,Federal prison
Federal Bureau of Prisons,Female,1026,729.3709011687938,0.37208747913487183,0.442914221927462,0.40714152256632014,mpd,0.01671042681898983,0.3552558634921652,0.38331462925368465,0.3281580570851595,0.061487077174170464,Federal prison
