Gender,Age.Group,Race,n,p.lwr,p.upr,p,health_outcome,se,pred,pred.upr,pred.lwr,pred.se
Men,18-24,NH Black,18,1.2664739939838057e-4,0.5341648673906934,0.0827892579681264,cvd,0.07906043253045558,0.012436962354736868,0.08433565670132659,0.001719003896979992,1.0151831164539438
Women,18-24,NH Black,35,NA,NA,0,cvd,0,1.5728426079851007e-8,2.2933202242278014e-8,1.0787127928141327e-8,0.19240970583488834
Men,25-34,NH Black,24,4.420846500685186e-4,0.6670334971939076,0.1292125248467995,cvd,0.11398784599678984,0.023663838639563672,0.1904678277534514,0.0024905836286921623,1.1596568441917792
Women,25-34,NH Black,90,2.0454943548984835e-5,0.01579336267314646,0.002326630462707554,cvd,0.002355347403286303,0.020836289195786197,0.07718422100038122,0.005384826329108347,0.6983639200359589
Men,35-44,NH Black,26,NA,NA,0,cvd,0,0.11155352270504297,0.2927877342353074,0.03668343314519073,0.6087290125976375
Women,35-44,NH Black,52,0.016608175268163834,0.16915044126015655,0.06645721275539344,cvd,0.030624338534209924,0.04197562100469921,0.08863549708290007,0.019356932051540238,0.40683080183942616
Men,45-54,NH Black,31,9.369131741504706e-4,0.18584873523946877,0.03635741157687021,cvd,0.02617764912047087,0.11044784530975688,0.19752174591256033,0.05893964277351383,0.3491485814795592
Women,45-54,NH Black,45,0.08028686828655272,0.4093942133564723,0.21188323178547933,cvd,0.0665459726748203,0.10934295364893094,0.17690330130784082,0.065530099231155,0.28571938892848275
Men,55-64,NH Black,54,0.04876141946207812,0.34172900731851186,0.15703242981257495,cvd,0.057837199184130564,0.1612106556895946,0.23782175411553041,0.10585134437764841,0.24724366522781357
Women,55-64,NH Black,57,0.057053260938027685,0.25419559070332276,0.13432814392521963,cvd,0.03786543609358445,0.13175692465071978,0.24578552660916728,0.06600081471535021,0.38995385360469587
Men,65 and over,NH Black,42,0.08107553253047062,0.33153679976273387,0.1828039446138424,cvd,0.03766816115477503,0.2570030669210127,0.36058268553038897,0.17503257870895433,0.24937594814552386
Women,65 and over,NH Black,57,0.05962644581089764,0.37240242893050546,0.17883865047883943,cvd,0.05296364935763541,0.24142299945041085,0.3496974294062077,0.15850178896370617,0.2676193443541305
Men,18-24,Hispanic,12,NA,NA,0,cvd,0,0.009770065978198588,0.05874647343256063,0.0015572948793557023,0.9411563512776945
Women,18-24,Hispanic,26,NA,NA,0,cvd,0,1.2322454411008267e-8,2.176627610456678e-8,6.976061562379683e-9,0.29028015734986984
Men,25-34,Hispanic,17,NA,NA,0,cvd,0,0.018634955416534055,0.1426870876597822,0.0021617744260549634,1.1075491381629758
Women,25-34,Hispanic,34,NA,NA,0,cvd,0,0.01639820579021556,0.06538692780677323,0.003957063491119956,0.7317680124307238
Men,35-44,Hispanic,16,1.2603439646618033e-4,0.8224724600625998,0.16351411798418358,cvd,0.10599782449167644,0.08956022863347995,0.20606376763442064,0.035943025570013734,0.49500854988083043
Women,35-44,Hispanic,37,2.423512262069741e-9,0.28457452428731156,0.017549139428508744,cvd,0.01753385269839051,0.03318751777550195,0.0736654240005744,0.014600958338679719,0.4286450123583591
Men,45-54,Hispanic,14,2.4547391921634902e-58,0.9899544885517475,0.03352054607458919,cvd,0.033490766238302605,0.08865078928448607,0.19067240088938273,0.038612725227244855,0.4513216672423279
Women,45-54,Hispanic,30,0.0071791081384884594,0.44849360105353,0.12221772208391699,cvd,0.07235353594958324,0.0877424418023747,0.20604525018420286,0.03441961977827624,0.5064307197974591
Men,55-64,Hispanic,32,0.03333339517282119,0.5325487167804439,0.20504170254513007,cvd,0.07605761214810434,0.13086932720413594,0.23524979220659492,0.06864533587917077,0.3644928214899159
Women,55-64,Hispanic,44,0.004704330411529021,0.17254782648114653,0.04758576560260539,cvd,0.02882920391262489,0.10625682010165308,0.22481830479066828,0.046472211755582755,0.454985178093192
Men,65 and over,Hispanic,31,0.02770164545455208,0.7325809972333468,0.28030693708193943,cvd,0.08600521337862417,0.21321560053676977,0.3462310455545381,0.12178298357832631,0.34184439431385294
Women,65 and over,Hispanic,50,0.05810727823019645,0.3957453734213764,0.18579327663103265,cvd,0.0620016183816607,0.1995769972842557,0.31111372508806806,0.12100335823309781,0.30307829862765123
Men,18-24,NH White,14,NA,NA,0,cvd,0,0.015795523207767295,0.09363053501169527,0.0024871593760067375,0.9500259552164982
Women,18-24,NH White,19,NA,NA,0,cvd,0,2.004400260999032e-8,2.5765286188517543e-8,1.559315263099753e-8,0.1281136335956208
Men,25-34,NH White,24,NA,NA,0,cvd,0,0.02996219776405555,0.19337541787224044,0.003963832652710037,1.0455159673021392
Women,25-34,NH White,50,0.0020637136840755345,0.19170546542013422,0.04335530042253375,cvd,0.029651712200808988,0.02640242025375641,0.09818973947819568,0.006708942933718974,0.7092170900661087
Men,35-44,NH White,30,3.980270412592542e-4,0.7933841080417393,0.17064999021045085,cvd,0.13098320038691952,0.13793958350557745,0.33742965927618435,0.047868317967674344,0.5906944832658347
Women,35-44,NH White,46,7.596712294092542e-4,0.16501543224405557,0.031513565133342455,cvd,0.022669383087257945,0.05288384233607693,0.10300094852025911,0.02643357245035786,0.3678676180235203
Men,45-54,NH White,23,1.3027167045908366e-10,0.998561305291391,0.2233080910087224,cvd,0.07868100958050026,0.13661259137697365,0.2524084760969446,0.06903418549411122,0.38669402089183325
Women,45-54,NH White,35,0.014783916928910217,0.2998732485067773,0.0999255921422814,cvd,0.05670189247770162,0.13528576138597814,0.25680541700641635,0.06615065282580931,0.40427812626895093
Men,55-64,NH White,33,0.031702775759306426,0.4153738663173351,0.1615136601113652,cvd,0.05681611782064551,0.19674127375885486,0.29782611004724957,0.12391108147514572,0.28016639314174324
Women,55-64,NH White,31,0.030673084351915066,0.47347247050970576,0.1797334064537231,cvd,0.07616094451015794,0.16205011816155426,0.28312479636139537,0.08650376848747615,0.3643121219224924
Men,65 and over,NH White,35,0.08828352483482994,0.6139855439996655,0.3049893349794524,cvd,0.09412067465760239,0.3059454884570301,0.41787662335535597,0.21302433177465763,0.24880425419402732
Women,65 and over,NH White,30,0.10768721686996907,0.5979250033943172,0.3155655640104976,cvd,0.07677795257250293,0.28855069116269444,0.3851286234737093,0.20799872538041203,0.22173757265396493
Men,18-24,Other,13,NA,NA,0,cvd,0,0.008109260210669496,0.056499284796017894,0.0011149351418360011,1.015956001115656
Women,18-24,Other,9,NA,NA,0,cvd,0,1.0210644967037052e-8,2.1585289513998823e-8,4.830014902063043e-9,0.381936228739275
Men,25-34,Other,19,NA,NA,0,cvd,0,0.015490788061414242,0.09393335349928689,0.002382384646329066,0.9619413428678998
Women,25-34,Other,27,NA,NA,0,cvd,0,0.01362619206750083,0.05663363446035974,0.0031687905246673433,0.7496004627029208
Men,35-44,Other,22,NA,NA,0,cvd,0,0.0753682978177661,0.15127740638214165,0.03593661258743521,0.39918675189678915
Women,35-44,Other,18,3.653203206111686e-38,0.9999995525157651,0.14500394513484888,cvd,0.1074074363952728,0.027657179522753775,0.08271535039400468,0.008892334699269713,0.5886896177658172
Men,45-54,Other,19,1.7045496869134206e-9,0.25543160800938935,0.015289840372027198,cvd,0.015950498934276133,0.07459116352301819,0.19213487843192756,0.02659104856501322,0.5520591635435954
Women,45-54,Other,18,8.417420852967277e-10,0.5511185458789365,0.03774047849972448,cvd,0.04091586903494996,0.07381520775255275,0.19283889295525622,0.02589801205931217,0.560133149907242
Men,55-64,Other,16,6.757060997391046e-25,0.9999998970390738,0.22425778467333946,cvd,0.12833412672108435,0.11092902133024504,0.26937936851769245,0.04051208587868249,0.5528228362858664
Women,55-64,Other,26,0.0034766735216880474,0.4272474559419418,0.10128757944314443,cvd,0.06773602290555003,0.08967972058705112,0.2111188715948294,0.034995632518223616,0.5098856594788248
Men,65 and over,Other,20,0.008963906476014753,0.6028755060439246,0.17602530896267918,cvd,0.06874773622917899,0.18337559889607702,0.33315877810730077,0.09167498312636993,0.40802279108293155
Women,65 and over,Other,22,0.01080679022204581,0.751642374889949,0.24347798221485106,cvd,0.09306555297745964,0.17123034087588634,0.2922176039635862,0.09370381812744061,0.3532180401841964
Men,18-24,NH Black,18,NA,NA,0,str,0,6.111790440673022e-9,9.845156676914379e-9,3.794148083535276e-9,0.24324929901018766
Women,18-24,NH Black,35,9.078390409893453e-5,0.12458211872871439,0.017681603412415436,str,0.01815368101573309,0.0050069897448194985,0.034326729416500425,7.118719090451088e-4,0.9974671109705259
Men,25-34,NH Black,24,NA,NA,0,str,0,7.364481216509464e-9,1.0977926675326662e-8,4.9404213680630944e-9,0.2036863887454022
Women,25-34,NH Black,90,0.0010514136886239918,0.061699744616278474,0.014734562929864315,str,0.010514157535128112,0.004270800644347251,0.018231798634239637,9.896589198013653e-4,0.7477106947020121
Men,35-44,NH Black,26,1.608027486478096e-5,0.48645019478055485,0.059978631309626815,str,0.057998766848296184,0.019039882251322363,0.09454208093205152,0.003595048930417524,0.858485260369678
Women,35-44,NH Black,52,0.002418558596368373,0.10660545359268891,0.027572991305790974,str,0.019046569849111086,0.03707897327070584,0.0942528751792294,0.014048883122371528,0.5072248951101724
Men,45-54,NH Black,31,0.005958461396668266,0.2986361313794017,0.08001975515500244,str,0.04583303316005687,0.07653345741576606,0.16973409487614402,0.03250550757158874,0.460668475399346
Women,45-54,NH Black,45,0.03465213724724643,0.28872693425885854,0.12406510613390165,str,0.04965371620163215,0.1537487941838025,0.2685002050352036,0.08250811313082576,0.35880808429748623
Men,55-64,NH Black,54,0.019335534806991454,0.13285706171169964,0.05905352509020387,str,0.02181937308036953,0.08842136866698211,0.17947891873772506,0.04123943035338704,0.41489657387732426
Women,55-64,NH Black,57,0.14580528207656782,0.36104433597127084,0.24162269025354946,str,0.042604883894812685,0.19130847813118132,0.34705171056027706,0.09526009270879422,0.4130209547282129
Men,65 and over,NH Black,42,0.04686962838549481,0.49468141750492733,0.2096232755896909,str,0.06736327201179458,0.17363283180364308,0.27354932555195405,0.10493981839089209,0.2976624337530519
Women,65 and over,NH Black,57,0.047946077548084165,0.3234074747831237,0.14988055557545327,str,0.04619780361149098,0.20206480338321542,0.29189531040989,0.1346236808283591,0.24859752451644873
Men,18-24,Hispanic,12,NA,NA,0,str,0,2.1998608777331294e-9,4.7499154711790884e-9,1.0188366306978107e-9,0.3927279837782228
Women,18-24,Hispanic,26,NA,NA,0,str,0,0.001807996220610267,0.01459481838327871,2.2145567935246763e-4,1.0721320102419147
Men,25-34,Hispanic,17,NA,NA,0,str,0,2.6507509187774905e-9,5.741105760159316e-9,1.2238897374913048e-9,0.39429748539940673
Women,25-34,Hispanic,34,NA,NA,0,str,0,0.0015414337504564455,0.007493837716999662,3.155596701685268e-4,0.8098860500049849
Men,35-44,Hispanic,16,NA,NA,0,str,0,0.006937710245507029,0.03411841668499185,0.001379795420745179,0.8268609497650551
Women,35-44,Hispanic,37,1.2751052159203793e-8,0.5029466396996962,0.038158147988028246,str,0.036628496011540224,0.013670543861523174,0.05675446294605333,0.0031824967922728696,0.7490722674063185
Men,45-54,Hispanic,14,1.1347252267761092e-28,0.9996915804323515,0.11161197962513475,str,0.07437880289077538,0.028966183784358415,0.07703487930515941,0.0105488735087789,0.5249581529762084
Women,45-54,Hispanic,30,9.436921552129686e-4,0.2200037411218625,0.04243375687141952,str,0.031202374775849105,0.06138027823578855,0.15059465091887822,0.02355227156104365,0.5088752250769611
Men,55-64,Hispanic,32,4.846998262679984e-6,0.16659934897483375,0.016875539324662875,str,0.016485528762405995,0.03373540463253242,0.09503919761122241,0.011473476937933182,0.5618917631356133
Women,55-64,Hispanic,44,0.004457925743732391,0.1820778345684917,0.04908757381598991,str,0.030417046434457994,0.07846732129624193,0.18160890598453705,0.0316386096827354,0.4887187580962037
Men,65 and over,Hispanic,31,1.5415803708938427e-4,0.6576098756804851,0.11252501932384643,str,0.06907686376426792,0.070310995713879,0.16050209908361687,0.029047449964041152,0.47318470157385895
Women,65 and over,Hispanic,50,0.005102567974833315,0.17367633702458019,0.04879391125521172,str,0.027578695189693796,0.08353450944582264,0.1448777991639895,0.04674498873339371,0.316286841861926
Men,18-24,NH White,14,NA,NA,0,str,0,6.160882631221966e-9,8.992945610757124e-9,4.220694353631756e-9,0.19297313787693968
Women,18-24,NH White,19,NA,NA,0,str,0,0.005047004781995422,0.03679372128247392,6.73155578901618e-4,1.0301006428125032
Men,25-34,NH White,24,NA,NA,0,str,0,7.423635488604999e-9,1.1240335273645564e-8,4.902911030195636e-9,0.21165683885197595
Women,25-34,NH White,50,NA,NA,0,str,0,0.004304957635197173,0.018097512309202455,0.0010131979553035001,0.7397871728279183
Men,35-44,NH White,30,4.130135422225243e-6,0.18726604458720053,0.018681564583050845,str,0.01857952211306372,0.019189882905905425,0.07467840008895142,0.004720819440731687,0.7229955374188829
Women,35-44,NH White,46,0.0024830989438263474,0.13622867574229747,0.033809667484234134,str,0.019607057464159965,0.037365676775207975,0.09388485397371293,0.014333129818017556,0.5009396876484452
Men,45-54,NH White,23,1.1073584209041747e-62,0.9102719760240334,0.016625904639128497,str,0.016658857434745978,0.07710080545613512,0.1637446547743941,0.034416821720087844,0.4345898806768403
Women,45-54,NH White,35,0.0205849660139536,0.4385740342423684,0.15138441080050355,str,0.0861735571913699,0.15479259821341748,0.3080867105826754,0.0700505943762043,0.4532820669447379
Men,55-64,NH White,33,0.001020901202634764,0.4081692929721772,0.07890717922210944,str,0.053284797813653965,0.08906834290418886,0.19108009157476005,0.03889864105018779,0.4500371768172734
Women,55-64,NH White,31,0.02105737319629502,0.6770364906395396,0.2395613262990693,str,0.12047481180495528,0.19254925650325688,0.40472156595171943,0.07718453314887491,0.5345507114038575
Men,65 and over,NH White,35,0.015554370613034002,0.4519048348786391,0.14556303911922977,str,0.07292695905186114,0.17478374767732466,0.27725123865948653,0.10470049919127392,0.30304557903973767
Women,65 and over,NH White,30,0.05009536343731469,0.5649537774875817,0.24118559556140556,str,0.07979238200198303,0.2033578016390575,0.29213649137466047,0.13636122935944353,0.24511087327070144
Men,18-24,Other,13,NA,NA,0,str,0,5.949733303715667e-9,1.0001571069469217e-8,3.539376572076358e-9,0.2650027245917254
Women,18-24,Other,9,NA,NA,0,str,0,0.0048748741441991955,0.04020713791600726,5.725284482362428e-4,1.094969734501241
Men,25-34,Other,19,NA,NA,0,str,0,7.1692083662287995e-9,1.2078355793578868e-8,4.255343142249255e-9,0.2661374612597755
Women,25-34,Other,27,NA,NA,0,str,0,0.004158029124004025,0.01847810351688172,9.251982526797498e-4,0.7683965185514248
Men,35-44,Other,22,NA,NA,0,str,0,0.018544392554028014,0.08327050085023595,0.0039149871254955644,0.8011122915795572
Women,35-44,Other,18,NA,NA,0,str,0,0.036131329146787315,0.08514935321224686,0.014872819090333379,0.4640088865843743
Men,45-54,Other,19,5.276163453811425e-5,0.788315182569195,0.13822453371230714,str,0.09412459320231013,0.0746556353964152,0.1726056883268649,0.03025744848941812,0.4847070178247883
Women,45-54,Other,18,0.02792198401853691,0.6194132611543296,0.22957982977020208,str,0.07077796685506106,0.15028473864317968,0.28951904876743867,0.07129148277620752,0.42584890227391176
Men,55-64,Other,16,1.383423085180362e-20,0.9999997476218129,0.2493839019362361,str,0.12715125891732496,0.08627911697970034,0.19911544644194848,0.03462157618076788,0.4939404735552707
Women,55-64,Other,26,NA,NA,0,str,0,0.18718536318706935,0.3420987736011452,0.0925531332558842,0.4155425390237348
Men,65 and over,Other,20,0.002548601998939437,0.6209648344556826,0.14772827940621852,str,0.0701421565689252,0.16981067320748455,0.30454923904962944,0.08720800781372622,0.3883960227658921
Women,65 and over,Other,22,0.0130848685632591,0.7788148897157442,0.26576299598729936,str,0.09815609405459459,0.197766558606456,0.28747653870621176,0.13090813500611032,0.2513519217376898
Men,Under 18,NH Black,36,0.014992361441395199,0.4036626985103019,0.12985329766680917,htn,0.08250816849389549,0.10400900287138226,0.27552843604663274,0.03421906346010363,0.6054709375221975
Women,Under 18,NH Black,34,0.012298445546370143,0.20625983482250643,0.07045593539217684,htn,0.03981285415450825,0.04393305760945314,0.14279478266937135,0.0125172304559058,0.6570998497974049
Men,18-24,NH Black,35,NA,NA,0,htn,0,0.13876259499873655,0.28069491370203853,0.062374497233833336,0.4513289310225803
Women,18-24,NH Black,58,0.013166755845571695,0.18181188043743168,0.0652780213246917,htn,0.03138202067836743,0.04674489329407518,0.11051948386751066,0.01898554473783138,0.4743616593090301
Men,25-34,NH Black,24,0.027793921566554525,0.6653563881423896,0.24879245649094914,htn,0.11813939382462971,0.2902186623810085,0.4374907139849889,0.17692921929239128,0.3280520169761787
Women,25-34,NH Black,90,0.08932678563859218,0.2959409066646852,0.1756377821169302,htn,0.043258526476236944,0.2472366056023693,0.33187201626526314,0.1784213206045259,0.21106245966663909
Men,35-44,NH Black,26,0.22113162235926187,0.8434005123004961,0.5456900719211005,htn,0.10160183796552363,0.566543802006807,0.651022951148438,0.47801133176343197,0.18152123851318175
Women,35-44,NH Black,52,0.1841824526390351,0.434309128671474,0.2983049252803773,htn,0.05468082895243653,0.3379866798479272,0.45743886719127363,0.23615060805484833,0.2559341297518811
Men,45-54,NH Black,31,0.15060621338463634,0.6655396263418516,0.3842183023469639,htn,0.09318870009296902,0.48902342437862206,0.6729094402839689,0.3080609114297035,0.39045974810781875
Women,45-54,NH Black,45,0.48181876616909614,0.9017380972895398,0.728186027103941,htn,0.08611102281667823,0.5732736235545519,0.7365091970671264,0.3923456502598074,0.37382479358770065
Men,55-64,NH Black,54,0.38309187320911764,0.7686771547721787,0.5854456629809336,htn,0.07970460056852259,0.6193423474551775,0.7738615260728271,0.43616774163496524,0.37933740860419674
Women,55-64,NH Black,57,0.6459290774880571,0.9292479462039087,0.817519503856782,htn,0.05470329915270575,0.6974491503641657,0.809671718717329,0.5553922014607324,0.312606894989905
Men,65 and over,NH Black,42,0.425026244320224,0.8498678273995742,0.6609987860791684,htn,0.06548111371450555,0.6603456267426416,0.7731650417417727,0.5258269458340573,0.2864516990528843
Women,65 and over,NH Black,57,0.7921636610625101,0.9930586892491801,0.9390899225829061,htn,0.030797913379283188,0.7976383425596325,0.8655795024816307,0.7069820320469892,0.2504267904066943
Men,Under 18,Hispanic,19,6.186056165585871e-4,0.24131839614010875,0.04318583790506664,htn,0.04358528121562379,0.0641981461144184,0.18336122740857982,0.020530085600454,0.6049553484175566
Women,Under 18,Hispanic,24,NA,NA,0,htn,0,0.026438559634554142,0.0872790699418257,0.0076531504065673345,0.6422658390761445
Men,18-24,Hispanic,28,5.907019015494266e-27,0.9998126545949058,0.12442787544079631,htn,0.07573936149664379,0.0869400931224343,0.1859889386561276,0.03816670371467223,0.4465875147009778
Women,18-24,Hispanic,40,0.0013240774762601883,0.1630044661859723,0.0345123934606323,htn,0.026122832045755797,0.02816368349950184,0.0660877859403125,0.011728801960304713,0.4554959037497011
Men,25-34,Hispanic,17,2.611583841936316e-35,0.9970859577125915,0.06830909102850158,htn,0.05087968934885209,0.1946147418970578,0.32968777561674933,0.10612008552719854,0.36260935915358844
Women,25-34,Hispanic,34,0.0035264020101947783,0.4462503954137318,0.10625622107038293,htn,0.0614279073388205,0.16254921396356162,0.24189575578950523,0.10560428659070553,0.25361060840647875
Men,35-44,Hispanic,16,0.05715776791558997,0.9440715264059714,0.5018357680712102,htn,0.13030256647509786,0.4358030742638998,0.5294132657077428,0.34655545853905806,0.19184124624493837
Women,35-44,Hispanic,37,0.01054817973114279,0.6910864452093357,0.21530530844706938,htn,0.08017885860085265,0.2317856607593453,0.34875282644874683,0.1452955725907477,0.2927247144791968
Men,45-54,Hispanic,14,3.9238402007217403e-29,0.9999999999988719,0.29607169359408925,htn,0.17758018514530394,0.36126223479192965,0.5606189950432218,0.20045478853797408,0.4150915418591642
Women,45-54,Hispanic,30,0.14973951555686416,0.6677083745439949,0.3846863838082033,htn,0.09391926809739168,0.44256553372951407,0.6422168567931379,0.2598955006640339,0.4162093658112239
Men,55-64,Hispanic,32,0.23132314728568237,0.8587108484704222,0.5644201204527445,htn,0.10154804854819176,0.49019656687821933,0.666955107529757,0.315855793751533,0.3743253497932506
Women,55-64,Hispanic,44,0.4805931712017021,0.8814158583734981,0.7106095271795498,htn,0.07965760300960859,0.5766908874711579,0.7241705454483571,0.4141497181185805,0.3347206625777164
Men,65 and over,Hispanic,31,0.18736225560862396,0.8695161819252015,0.5443209731963515,htn,0.08329735071596915,0.5346589031747059,0.6512799698484879,0.4141213561058625,0.2478677767751569
Women,65 and over,Hispanic,50,0.5919360865048533,0.8665217533832879,0.7469330440131752,htn,0.05163489516138797,0.6996480118475639,0.7864873963550184,0.595647913159036,0.2338096765970788
Men,Under 18,NH White,20,0.0010543618208220366,0.38715027190911433,0.07497942969219015,htn,0.07347743078577768,0.07617678936757695,0.20025692800344078,0.026435957922411952,0.5667321353028401
Women,Under 18,NH White,21,3.378069979808754e-4,0.277639808924807,0.04525993146267458,htn,0.04865753706964318,0.03160967832628957,0.09768360850056007,0.00974592494832925,0.6117155399158594
Men,18-24,NH White,26,7.061130937362884e-4,0.718017899854265,0.15302772926593022,htn,0.08305934133964618,0.1026964483128496,0.2450962179024375,0.038780176808875536,0.5319879583951208
Women,18-24,NH White,31,3.323337622314992e-5,0.18974371667747258,0.023314017710227626,htn,0.023267071559353158,0.03366055314285313,0.08342073022426894,0.013156112526096131,0.4900277961187311
Men,25-34,NH White,24,0.0017517528554600104,0.8671708232738793,0.24405199376119263,htn,0.1198233951948036,0.22507487192823528,0.3645073946822947,0.12821738063676055,0.3471898943144754
Women,25-34,NH White,50,0.09292494668532988,0.42483269370059706,0.22883508362009738,htn,0.06184076890269489,0.18916941141238067,0.28318566632386427,0.12109321450639614,0.2687304783424909
Men,35-44,NH White,30,0.2467281007624252,0.7940680657985884,0.5262553124012042,htn,0.0872736430132524,0.4814466836671584,0.5898799678874977,0.37473325360520165,0.22332887352114258
Women,35-44,NH White,46,0.10091454521914671,0.4960684025570662,0.26474744388575533,htn,0.06881676042089974,0.26614109243596673,0.35378079459850004,0.19370409151806567,0.21012065633634974
Men,45-54,NH White,23,6.1512205352493345e-12,0.9999999999996659,0.5267048504577816,htn,0.15591332136230865,0.40469881129107355,0.6062209616637444,0.23088809343602393,0.41703774969940505
Women,45-54,NH White,35,0.1250909053352484,0.7666305796881088,0.42056996518415884,htn,0.14611639396334294,0.48830441453857615,0.7107121669688806,0.2704329429070958,0.48247633591462286
Men,55-64,NH White,33,0.05492676092164274,0.9670297814312335,0.5395366280747625,htn,0.17962089806624906,0.536123641090215,0.738904554592292,0.32064936078160394,0.4569145014247575
Women,55-64,NH White,31,0.22548185939702273,0.8275597808193298,0.5364874122306688,htn,0.11116052268594452,0.6208527402046423,0.7422613043918307,0.48215343606904776,0.288059291556902
Men,65 and over,NH White,35,0.2501636237980366,0.9212521812952441,0.6352671530925024,htn,0.1254936996040347,0.5800122839226937,0.7226495494466747,0.4226278865441341,0.32389304209470166
Women,65 and over,NH White,30,0.40419344631387805,0.793269485960478,0.6117164379988048,htn,0.060862041027235886,0.7368359755365754,0.8028575822326105,0.6581193662125517,0.1911581733811954
Men,Under 18,Other,15,8.106243899910684e-4,0.35579764533405556,0.06599982959258674,htn,0.06698846054172684,0.07122059249985936,0.20436966850582441,0.022379541319444324,0.6167894184146853
Women,Under 18,Other,8,NA,NA,0,htn,0,0.0294606282223401,0.10407667957514742,0.007869441845638217,0.6847423458654263
Men,18-24,Other,21,NA,NA,0,htn,0,0.09619449701775706,0.20395051850579607,0.04234244974794625,0.4482011412514512
Women,18-24,Other,17,NA,NA,0,htn,0,0.03137658776077438,0.08145365702583154,0.011694540942735887,0.5138134074745201
Men,25-34,Other,19,0.021349176628112296,0.8782976925655109,0.35788589177772223,htn,0.16279688023842356,0.21266115037664554,0.3996582464821268,0.09876453008740838,0.4602479339744698
Women,25-34,Other,27,1.4706185936948343e-24,0.9999999978349658,0.266625407623661,htn,0.14213205462875586,0.17828041493427318,0.31059457419435693,0.09459806376336041,0.372813198158437
Men,35-44,Other,22,4.528054789433122e-18,0.9999999802217644,0.30756319750968697,htn,0.13733542694924436,0.46334768650057834,0.6157799916702489,0.31747071986597825,0.3155910671025586
Women,35-44,Other,18,1.9846332839172576e-10,0.9999996274150891,0.3985330792983622,htn,0.1253911144669864,0.252199545454629,0.41054949570237337,0.14038006757040367,0.37001766176787654
Men,45-54,Other,19,0.028720518483629498,0.7496218883446659,0.2912590917887535,htn,0.0913337976473468,0.38732992781037434,0.5658258778509841,0.23470352777897113,0.3690835442923223
Women,45-54,Other,18,0.011467114011610312,0.9992215159889393,0.6155126051779047,htn,0.195029001111783,0.4701813689321907,0.6938724563659219,0.2578604405623056,0.47842846961657626
Men,55-64,Other,16,5.4243601910421724e-8,0.999999594185738,0.4680032945802211,htn,0.12079845502050303,0.5180225400057721,0.7066042703448067,0.32416295404899087,0.411654024506012
Women,55-64,Other,26,0.21547339497656484,0.8854856179276491,0.5775952530365623,htn,0.12721240588383143,0.6036133903209384,0.772089762537359,0.40635334836565395,0.40796926755427293
Men,65 and over,Other,20,0.09180323883327686,0.8069178664769772,0.41485777358914366,htn,0.0906551287375882,0.5622253493232945,0.7011072446860528,0.4128540944590464,0.3073411409048854
Women,65 and over,Other,22,0.2277308141064828,0.9788595965954824,0.7138433192946593,htn,0.09571163335087218,0.7225132253409916,0.8365132997105352,0.569892881849801,0.344673846053449
Men,Under 18,NH Black,462,2.1153646786933177e-5,0.008837575002578646,0.0014270464332742888,dm,0.0014519543550300057,0.0026254237551049118,0.01051129541151256,6.518589637544451e-4,0.7118223513077737
Women,Under 18,NH Black,417,0.0017525160014823784,0.027876784817599143,0.009264693119500398,dm,0.005198566250803128,0.007650470259422405,0.015722816803683662,0.0037069870942399775,0.3716974857904818
Men,18-24,NH Black,35,NA,NA,0,dm,0,1.7089571965375853e-8,2.4668516749745518e-8,1.1839117537649659e-8,0.18727862586416263
Women,18-24,NH Black,58,6.78492222728959e-5,0.09554067218732354,0.013351094839251522,dm,0.013753719143813738,0.013296180713765912,0.05958970548188605,0.002857482439733834,0.7898408664648603
Men,25-34,NH Black,24,NA,NA,0,dm,0,0.006515333065101634,0.046219253743544464,8.86729701414562e-4,1.020438616142092
Women,25-34,NH Black,90,0.0010756818909475525,0.13640446744895374,0.028439643555645062,dm,0.023003528186431244,0.019837292193353187,0.07152805888277952,0.005288807738847888,0.6820046849541588
Men,35-44,NH Black,26,0.0023001720274876012,0.47050913684358553,0.10455459203374147,dm,0.06540089378085949,0.11404330033958432,0.19358077918122593,0.06456912454392867,0.31795534777377654
Women,35-44,NH Black,52,0.0536704328830112,0.30901884921910716,0.15054728218696042,dm,0.053701460794914654,0.07342698112149508,0.13275963636690052,0.039406260770685514,0.33593753481809463
Men,45-54,NH Black,31,0.04667503644078392,0.3586613070666458,0.16066791709632994,dm,0.05338314262675712,0.2373049698668608,0.4012724289963559,0.12621382798966221,0.3915102699890884
Women,45-54,NH Black,45,0.04578623653198332,0.4157246017627291,0.17957662832302326,dm,0.07372394529388294,0.169809839333648,0.3199063233792135,0.08167909576799108,0.4248921085433503
Men,55-64,NH Black,54,0.0386377654044402,0.32768904336845195,0.14128661261496317,dm,0.056540784293652877,0.23676338183750525,0.35725287520777965,0.14758034959313227,0.2975561499671206
Women,55-64,NH Black,57,0.1393396411436452,0.40706565192013977,0.2567561763076528,dm,0.05279020727400698,0.3119610370222805,0.45905010721168765,0.19501187761023425,0.31980173617244567
Men,65 and over,NH Black,42,0.10611865104846263,0.6689918328902241,0.34871741439586,dm,0.08839838934554187,0.45116950323393556,0.5750740649308846,0.3330378762712503,0.2543569672328778
Women,65 and over,NH Black,57,0.26783062356770304,0.6806596279507862,0.47055444928577556,dm,0.0727792198538055,0.36739596924469115,0.47835898492305273,0.2689039121888093,0.23305851988741236
Men,Under 18,Hispanic,311,9.671623498059096e-5,0.017274778420577563,0.0032393196774622417,dm,0.0029928483817945888,0.0031521864525870308,0.010051243520440355,9.838559148146098e-4,0.5951869415516409
Women,Under 18,Hispanic,302,0.003900188678220137,0.03432583670410405,0.013786585921025711,dm,0.006344174177865333,0.00917617787050429,0.01983890692987079,0.004219626865895639,0.3989124545670416
Men,18-24,Hispanic,28,NA,NA,0,dm,0,2.0529250991388053e-8,3.096561050735041e-8,1.3610264350672786e-8,0.20971125855842523
Women,18-24,Hispanic,40,NA,NA,0,dm,0,0.0159297197910649,0.07392799005288263,0.00327172414591358,0.8141222554098024
Men,25-34,Hispanic,17,NA,NA,0,dm,0,0.007816447177029433,0.054079403109718385,0.0010843920850174766,1.0112291742928294
Women,25-34,Hispanic,34,6.35728767454052e-4,0.3492987053949067,0.0624727673769439,dm,0.043806593658614265,0.023735246485774426,0.0884457350295041,0.006055084669559341,0.7061409096944892
Men,35-44,Hispanic,16,0.11578679390526628,0.4563751095458881,0.26020925521866545,dm,0.04047675394348164,0.13392314343569003,0.2263768032429495,0.07554114277008049,0.32542614679141924
Women,35-44,Hispanic,37,0.0012203211539146108,0.5375563349928545,0.1106078278862151,dm,0.05510982459104193,0.08692128953112745,0.14697920966908304,0.04996645478694745,0.3027230739037083
Men,45-54,Hispanic,14,3.047299674114235e-58,0.9918120341768918,0.03501302914977624,dm,0.03492958140529488,0.27207310074858715,0.4291164165439678,0.15672471016838707,0.3564722591604777
Women,45-54,Hispanic,30,0.003862805808284581,0.5860946709021846,0.1466993695125862,dm,0.09918519838163592,0.19724653351902904,0.33244909738418404,0.10812310795624464,0.36044763225324117
Men,55-64,Hispanic,32,0.1688708775507242,0.7998107755629641,0.47759934947650357,dm,0.10229686555164709,0.2714804076552071,0.40018379742695953,0.17228058822518477,0.2971611756226943
Women,55-64,Hispanic,44,0.10907444595620655,0.6250178481955004,0.329612749316307,dm,0.1041640801190213,0.3526103182299944,0.5058737239481449,0.22466832223794764,0.32198594068560094
Men,65 and over,Hispanic,31,0.23874784789551076,0.8340667228000473,0.5497222242132505,dm,0.07079164325684649,0.49685898183502836,0.6428433444478588,0.35140819975099796,0.3062764460749289
Women,65 and over,Hispanic,50,0.16660118027722232,0.46041589851721654,0.29847849287102535,dm,0.0555419349678051,0.4109541964125552,0.5161807009819657,0.3132884990937646,0.21672214232464587
Men,Under 18,NH White,245,6.867248020688142e-5,0.02088257842716823,0.0035685886161821788,dm,0.003478774433824657,0.0022441603217225278,0.008104930011255083,6.187381114402495e-4,0.6581918706843805
Women,Under 18,NH White,256,3.9136668131551535e-5,0.013255165662239277,0.0022186192528801107,dm,0.0021910797474224177,0.006544258882237426,0.012181751043893414,0.003506434402827719,0.31992508651821056
Men,18-24,NH White,26,NA,NA,0,dm,0,1.4602246337089003e-8,2.1750799435974372e-8,9.803115431031529e-9,0.20330738077020574
Women,18-24,NH White,31,4.3461028288206145e-5,0.21149373622725764,0.026730784106534018,dm,0.02634593508047355,0.011382997992359326,0.05672189991691017,0.0021998330522152616,0.8433753899734225
Men,25-34,NH White,24,NA,NA,0,dm,0,0.005572333948483599,0.03959361445580101,7.610743887496538e-4,1.018214993202755
Women,25-34,NH White,50,NA,NA,0,dm,0,0.016999126410747682,0.06140315113042003,0.004550436856899429,0.6788508224113178
Men,35-44,NH White,30,0.0070046404189659205,0.22801557139503492,0.06587735283846549,dm,0.030213931281899264,0.0990894540057259,0.18130600341430153,0.05179673633594274,0.3570773769691335
Women,35-44,NH White,46,0.002963690328479865,0.11660037425924052,0.031082229314380653,dm,0.016873316724014896,0.0634176953952471,0.1157437880846746,0.03384211863028414,0.3362952843048002
Men,45-54,NH White,23,1.2892715960140706e-17,0.9999999995333066,0.3558637042293801,dm,0.15089530549968436,0.21001994030756488,0.3854944055528629,0.10125847290426707,0.4380253303880757
Women,45-54,NH White,35,0.02967296802446125,0.4463341292629266,0.1689332113218572,dm,0.08694139048110637,0.14877154883005023,0.3026547298279227,0.06575215708155054,0.4640802820946069
Men,55-64,NH White,33,0.03202624114368564,0.45569933560450404,0.17562091467178345,dm,0.06323265463906001,0.2095235166051311,0.32644990015922887,0.12660521622312232,0.3079209818138808
Women,55-64,NH White,31,0.04755609391711999,0.6285367701873333,0.26471225453862474,dm,0.10497251745762827,0.2792348347753993,0.4242887096347528,0.16919709159897545,0.328101991771395
Men,65 and over,NH White,35,0.15646678782563517,0.8495394033844315,0.5047563547042562,dm,0.13109306110559554,0.41259704394587543,0.5691074012050528,0.2719622695963311,0.32217424520235005
Women,65 and over,NH White,30,0.10353050264285182,0.6550043682012252,0.33926884380113076,dm,0.08743515026639669,0.33165758823875935,0.4678878889193701,0.2187835059827082,0.2918788684786563
Men,Under 18,Other,165,NA,NA,0,dm,0,0.002073872513793065,0.007840513579648685,5.462192701909403e-4,0.681482974817622
Women,Under 18,Other,136,NA,NA,0,dm,0,0.006049656229315915,0.012885996241290443,0.0028297667244392387,0.38931400146661743
Men,18-24,Other,21,NA,NA,0,dm,0,1.3491919219175974e-8,2.2835030842875563e-8,7.971606641279921e-9,0.2684768092400581
Women,18-24,Other,17,NA,NA,0,dm,0,0.010526567583561734,0.05372094138971421,0.0019896466359250638,0.8543707960204538
Men,25-34,Other,19,7.0911652546672895e-6,0.32444325739998636,0.03478618934045137,dm,0.03539307457398684,0.0051508066842198275,0.04066404097887982,6.320066127759931e-4,1.0727445451791364
Women,25-34,Other,27,1.931279413306567e-61,0.9433254485353922,0.02012397806464273,dm,0.01975617274407071,0.015726873323500926,0.058115840277157306,0.00412062630625191,0.6893435194384231
Men,35-44,Other,22,2.0250134366451162e-47,0.9996991877610039,0.07013219108561128,dm,0.05960004896314991,0.09224994379921982,0.17395101019081707,0.04675037962362165,0.3717349052030388
Women,35-44,Other,18,NA,NA,0,dm,0,0.05887946030348077,0.11600644325764967,0.02896276424433757,0.3779533131035269
Men,45-54,Other,19,6.821093622177914e-4,0.7991714151062494,0.1837555700447355,dm,0.10191358138747361,0.1971996048114108,0.3645950575384374,0.09515089905184276,0.43287248322239147
Women,45-54,Other,18,5.480255152181169e-5,0.6713655703897898,0.10478987313194553,dm,0.0716242433542598,0.13903201503166263,0.28331713403896175,0.06188239280267933,0.4567872399757915
Men,55-64,Other,16,1.040273220068892e-14,0.999999860332371,0.32896555526882254,dm,0.13290417429007056,0.19672593816108458,0.3274332209607853,0.10968609852029934,0.3505508763696044
Women,55-64,Other,26,0.07261890571483261,0.833032495128867,0.411528967556694,dm,0.15041927321251505,0.26359921426316096,0.4322351434014533,0.14406229429366077,0.3850106970948525
Men,65 and over,Other,20,0.03558965178317465,0.5328351071084464,0.20858906953002251,dm,0.057572908274545344,0.39357150382487194,0.5506446160460697,0.25579814538300033,0.32429147285472726
Women,65 and over,Other,22,0.02954389566788393,0.8433284199277424,0.3507027835518165,dm,0.10872780499469827,0.3143668707654717,0.43001955053147617,0.21792620207105207,0.25409171923023727
Men,Under 18,NH Black,107,0.6655845129028305,0.8309216562243078,0.7551238184614915,ast,0.03799262241972656,0.7638935441074122,0.8174666121366905,0.7003603382550313,0.16588636725830966
Women,Under 18,NH Black,83,0.6317540735704146,0.8786496854372975,0.7721044953499636,ast,0.05565491436187118,0.6958082034738238,0.7708507719872384,0.6086663948362432,0.19679224926891178
Men,18-24,NH Black,6,0.02907592050831324,0.8441740161899398,0.35028916146130756,ast,0.16509930558551536,0.41152504618420516,0.7043311814561094,0.17032330620076652,0.6253549526117156
Women,18-24,NH Black,11,0.63073542413739,0.9996604458841727,0.9392836395762884,ast,0.0603554958119928,0.7056650477901126,0.8820885332548541,0.4345001316164809,0.5805903069930943
Men,25-34,NH Black,7,0.14956122374135425,0.9531772327334175,0.6115910266778628,ast,0.16421385412443343,0.6095342270859256,0.809345265794633,0.36469312242613877,0.5104209616335517
Women,25-34,NH Black,29,0.5343830570318041,0.86941813671111845,0.7246096780781186,ast,0.070798038008381,0.746697970315506,0.851589677443875,0.6022939607591056,0.3398254863994101
Men,35-44,NH Black,3,NA,NA,1,ast,0,0.6341266934963965,0.8629794725113189,0.3229304874357902,0.6583276602974647
Women,35-44,NH Black,17,0.6817008608915205,0.9982314753393398,0.9330243022473019,ast,0.05789647755502181,0.9655773386083127,0.9917953567051442,0.8668287612932549,0.7453225990318691
Men,45-54,NH Black,5,0.005927598993275445,0.9674525673931342,0.40111715936326586,ast,0.2457333513555941,0.7126565067471339,0.9160113695268292,0.3606129116751668,0.7556394629488907
Women,45-54,NH Black,14,0.27348178694796504,0.9011605495021987,0.6274670632746535,ast,0.1347816148682295,0.694611842951007,0.80543600659889,0.5554994985411373,0.30554288655717
Men,55-64,NH Black,10,0.17829194112644292,0.9847508730921489,0.701898481230575,ast,0.18762627859796124,0.8544053550815123,0.9357483483703412,0.7027900920201805,0.4637635074006122
Women,55-64,NH Black,13,0.2628776322738685,0.9129663137373394,0.6335137569986302,ast,0.1349838906234532,0.7699270927258555,0.9141211882161779,0.5126905590888696,0.5903814799376368
Men,65 and over,NH Black,4,0.34325861406904484,0.9964295230431244,0.8323984850798243,ast,0.09955543265011654,0.7888259308717841,0.9365052608681773,0.4861354892949845,0.7006940867847271
Women,65 and over,NH Black,8,0.04295057187727845,0.9293538866235642,0.45832909766451,ast,0.18967218171010805,0.5596952878334106,0.7995144355408902,0.2883499671387131,0.5833458464056087
Men,Under 18,Hispanic,60,0.3892754507562549,0.7781499620142159,0.5945413022283547,ast,0.09005842777978011,0.6447314102759074,0.7655895426763746,0.5020867189447586,0.29980795469224814
Women,Under 18,Hispanic,41,0.35383653422975236,0.6990534298048838,0.5289797683645012,ast,0.07964189841226306,0.5619868963509456,0.688083066495764,0.4273397511145869,0.2765065842679716
Men,18-24,Hispanic,6,1.896684014423191e-71,0.9999999838293072,0.09923508140818117,ast,0.10095911158106369,0.2817393006569085,0.5749443213538166,0.10213228445995055,0.6315949992324035
Women,18-24,Hispanic,7,0.03177238799125548,0.9890998117346825,0.566531419636445,ast,0.26975230519937765,0.5735222026474107,0.8359209582058799,0.26197800023224804,0.6795785306854853
Men,25-34,Hispanic,3,0.0012893799970480197,0.9999999999999999,0.8468214618637244,ast,0.07361873198833992,0.4668409541678356,0.7207195222669965,0.22904778047233268,0.5514716756480388
Women,25-34,Hispanic,8,0.6627139136501328,0.9999958024970935,0.9653010886885404,ast,0.035238668985771666,0.6231387856549399,0.7709211319879614,0.44825216539891355,0.3625716894824272
Men,35-44,Hispanic,3,4.3905796892004455e-6,0.9999851210262882,0.4739786471105405,ast,0.3065130505246897,0.4929443974105365,0.7817834081798388,0.2087398290478281,0.6654785060713148
Women,35-44,Hispanic,6,0.10351414555290576,0.999999463466232,0.8636780435755922,ast,0.11286435071198919,0.9402414910606894,0.9847469458799645,0.7931544137051195,0.7203090467184736
Women,45-54,Hispanic,10,0.06324491637624029,0.9423556690594863,0.5079938110673261,ast,0.19023067611040184,0.5605965917863434,0.7264923259343297,0.37995694999696056,0.37414697554305254
Men,55-64,Hispanic,5,0.024590114528933428,0.9966530202441366,0.6055561912103835,ast,0.22614666173354425,0.7669901883356123,0.8737324716692801,0.6102624524261304,0.37907731733428307
Women,55-64,Hispanic,12,0.2615789713233404,0.9927800239298975,0.7784552417264324,ast,0.15465635337033803,0.6524245291836932,0.8653015932829562,0.3542035612076745,0.6277289883212258
Men,65 and over,Hispanic,2,NA,NA,1,ast,0,0.6769252159785326,0.8846605307541884,0.36401721157269823,0.6620771284549767
Women,65 and over,Hispanic,8,0.20730700495637583,0.8955510422174664,0.5818293591422061,ast,0.13864582752915064,0.4162320982721021,0.7008503657212256,0.17830533992366773,0.6069555155532071
Men,Under 18,NH White,42,0.804170086918976,0.9322933121423559,0.8785997146556629,ast,0.02866462566660909,0.7804227317749838,0.8447635125271049,0.6989191111167321,0.21733842970193923
Women,Under 18,NH White,29,0.42210287723877865,0.8665586684716398,0.6723750764407372,ast,0.10113828970795634,0.7153275921787425,0.8057641427155606,0.6035036321569625,0.2557783516284909
Men,18-24,NH White,5,1.393896936833911e-5,0.9993561589224689,0.39657790209357513,ast,0.25047618973600244,0.43445964591273356,0.7261365212394041,0.18205809286294244,0.6320457470554165
Women,18-24,NH White,9,0.21573201043533624,0.9676949237474637,0.6821118636053287,ast,0.1463414337941747,0.7248020989270375,0.9005435475663794,0.43377580163537255,0.6300475297748324
Men,25-34,NH White,2,5.446058231233687e-9,0.9999985916665752,0.4145381926867486,ast,0.3432243699933137,0.6316590303556415,0.8557273449955268,0.33146522966963493,0.6331270287015593
Women,25-34,NH White,14,0.45168516668895603,0.9212066727893299,0.7335524881738994,ast,0.08854374227956623,0.7640591563933827,0.8582780233926971,0.6339191828949385,0.319391966521544
Men,35-44,NH White,7,0.025521873140194197,0.9929429850348228,0.5740779668830133,ast,0.21986225888420247,0.6556452626584585,0.8710099410860201,0.3493215004829039,0.6459151883307521
Women,35-44,NH White,15,NA,NA,1,ast,0,0.9685681454403697,0.9926241429052828,0.8758662735795227,0.7521275893669523
Men,45-54,NH White,3,NA,NA,1,ast,0,0.7315119403579329,0.9240215765159336,0.3790289625101303,0.7632685778085055
Women,45-54,NH White,12,0.26589181849522586,0.9713411154946191,0.7169458814666538,ast,0.16302249329567822,0.7141764650171178,0.8539363830135522,0.5164182216016892,0.433711523949674
Men,55-64,NH White,8,0.7097169091315185,0.9999795291363197,0.9659043796306206,ast,0.03138698466049169,0.8657119689542498,0.9333808794414667,0.7478746188534284,0.3960564823705219
Women,55-64,NH White,7,0.2483691078414945,0.9999386173697649,0.8720088433802601,ast,0.130158079990797,0.7861521342023153,0.924353309088929,0.5251662851654078,0.612835340873953
Men,65 and over,NH White,5,0.13653639306798035,0.998319785392387,0.7595906058062192,ast,0.18066428874317259,0.8040573851510664,0.9394937608435134,0.5202646235636882,0.6789644584813492
Women,65 and over,NH White,7,0.0026196597859630077,0.9788030360143964,0.39369283443899517,ast,0.23250519880780052,0.5827107721095884,0.811325190698407,0.31199236324001206,0.5738537151982156
Men,Under 18,Other,25,0.2691780573127225,0.8120568519805565,0.5521360318247815,ast,0.12764836571630497,0.6088728820632937,0.7717673115054062,0.41747106316185867,0.39579325534566273
Women,Under 18,Other,20,0.2666624909145599,0.7600978104134372,0.5163130745028117,ast,0.11320653676478735,0.5239433942859603,0.6934485861265929,0.348736467496548,0.3675805953020373
Men,18-24,Other,5,3.046139555647588e-6,1,0.9370610949373821,ast,0.07154004413797511,0.25176269225796527,0.5673755412253538,0.07946650038087436,0.6940865301820818
Women,18-24,Other,5,3.4023518634478816e-43,1,0.37165776260589695,ast,0.25293988091226816,0.5356527700552344,0.7944613181434671,0.25610297544044547,0.616938136035105
Men,25-34,Other,1,NA,NA,0,ast,0,0.42893100208114254,0.7248465177284099,0.17638140785827838,0.6402387242757729
Women,25-34,Other,6,6.625857116819167e-33,0.9999999999972851,0.26440138758861453,ast,0.16419014911245655,0.5864986179635981,0.7724661811733601,0.372087814447484,0.4453040463115551
Men,35-44,Other,2,6.38557857484197e-48,1,0.6055614436160576,ast,0.3377945000341882,0.4547225971353892,0.7546074429747501,0.1844397153564995,0.6658007923881615
Women,35-44,Other,3,0.9999999999999921,1,0.9999999999999999,ast,7.965427045811742e-17,0.9310185989982035,0.9837361834298257,0.7507225701131486,0.76530621568597
Men,45-54,Other,4,0.0013065804047691179,0.999999838207607,0.7019169089798825,ast,0.24616980346002282,0.5440734293592907,0.8269938187812185,0.22953035067244684,0.7080321155344773
Women,45-54,Other,2,NA,NA,1,ast,0,0.5225349284599449,0.7349812180676377,0.30161006124183615,0.474418628192365
Men,55-64,Other,1,NA,NA,1,ast,0,0.738465972522741,0.8829020943963,0.5139507079559116,0.5011282420107884
Women,55-64,Other,5,0.001440045182259821,0.9719797601692657,0.3538168765651322,ast,0.2617378174840301,0.6168810787223803,0.8707680437771658,0.2778593082640145,0.7303378626792708
Men,65 and over,Other,4,5.009391639735255e-4,0.999879342259842,0.5428181570440487,ast,0.2489394033607157,0.6425144019983249,0.8916980318535958,0.2817867589947948,0.7764989943450904
Women,65 and over,Other,2,NA,NA,1,ast,0,0.37950653334661316,0.7270471582221383,0.12314503137446438,0.7506952053509266
Men,18-24,NH Black,18,NA,NA,0,ckd,0,0.008638489397600643,0.063829921143069,0.0011123938399561952,1.0496501181594107
Women,18-24,NH Black,35,NA,NA,0,ckd,0,0.01603427137846174,0.11075609469390768,0.002127486624113508,1.0376831271568203
Men,25-34,NH Black,24,0.004548897791503567,0.6426733591226752,0.1692677664661918,ckd,0.11384597113844165,0.1762232369068113,0.4594081486243852,0.05109750147705721,0.7037999013688382
Women,25-34,NH Black,90,7.896873727925319e-5,0.059173706402590565,0.008900731822042192,ckd,0.008970149176595096,0.024279868587275877,0.07679660688045516,0.007388846482971621,0.6157455632940058
Men,35-44,NH Black,26,NA,NA,0,ckd,0,0.004604920299036236,0.0312850316987321,6.622545621531966e-4,0.9914384759330092
Women,35-44,NH Black,52,0.008210892038032176,0.10739266987370444,0.03852513941851168,ckd,0.01943450259398002,0.05150600008789539,0.11591329781750061,0.021996247121792125,0.44973504860537183
Men,45-54,NH Black,31,0.015004388390885642,0.330697560396118,0.10892320887311369,ckd,0.05164161671288121,0.07162583044412606,0.1741069483936277,0.02746048531507863,0.5128581743219073
Women,45-54,NH Black,45,0.022186195345237997,0.3320690059253464,0.12130005200027731,ckd,0.059654525193921,0.05387312803078515,0.10874083154187497,0.025886106214854827,0.38882192672884364
Men,55-64,NH Black,54,1.7704099533057688e-4,0.06522307238712621,0.010971208411327944,ckd,0.009889125825716754,0.020244123984340695,0.06603632618457579,0.0060019838391819624,0.6276678089020977
Women,55-64,NH Black,57,0.003789477409270108,0.18226895143694444,0.04731114598082458,ckd,0.030111192757646715,0.0531512001294677,0.1269283032266419,0.021215028125666197,0.48552088064109405
Men,65 and over,NH Black,42,0.012875410471170785,0.4299247369018191,0.13289510673597152,ckd,0.05972516770005403,0.13492725032137845,0.24101720589377792,0.07115740216239863,0.36274497017033314
Women,65 and over,NH Black,57,0.054956464840300104,0.2995879321643614,0.14845500933117386,ckd,0.04124138431595297,0.14797659481657274,0.23540926198467543,0.08922744002324184,0.29212001639299995
Men,18-24,Hispanic,12,1.0968850294088798e-68,0.9970280065536171,0.03585026551028411,ckd,0.036937591590629315,0.004766593709018631,0.04342091830845209,5.050900842206046e-4,1.1474308782715135
Women,18-24,Hispanic,26,NA,NA,0,ckd,0,0.008877162702712625,0.057286551436731226,0.001318400820860038,0.9768853058443353
Men,25-34,Hispanic,17,3.5036091177230845e-63,0.983698977969322,0.027829827227465243,ckd,0.02849250975803078,0.10520895460413197,0.3087249750616732,0.03002625935527993,0.6809078604615303
Women,25-34,Hispanic,34,1.7537208810152643e-4,0.3737324375915254,0.05657963002961772,ckd,0.04508243490734249,0.013492698297483738,0.042687714444853246,0.004177626601694117,0.6029720799007905
Men,35-44,Hispanic,16,NA,NA,0,ckd,0,0.0025363031770703247,0.01754246761089918,3.6197119173576273e-4,0.994444660008461
Women,35-44,Hispanic,37,2.423512262069741e-9,0.28457452428731156,0.017549139428508744,ckd,0.01753385269839051,0.028981974338840116,0.06171675435481703,0.013362564769488846,0.4031576827991882
Men,45-54,Hispanic,14,8.511980988361803e-6,0.7910839904413056,0.11976492067916962,ckd,0.03167375031461203,0.0406805944700685,0.09561997620285331,0.016723459752154602,0.46613356430677455
Women,45-54,Hispanic,30,0.001665008763689628,0.2182791904859802,0.04663532774431086,ckd,0.031668297446176254,0.03034705658386399,0.07155098903458641,0.01255040844252057,0.4597704646602853
Men,55-64,Hispanic,32,NA,NA,0,ckd,0,0.011229337196139274,0.04327919182261825,0.002843064374347756,0.7051624571793217
Women,55-64,Hispanic,44,9.832158356867517e-4,0.15450739922677492,0.031144794494611168,ckd,0.02436782709010972,0.029930417063226446,0.074378116196399,0.011708286890284022,0.4883704486760308
Men,65 and over,Hispanic,31,3.0222195905527436e-5,0.5479671471649601,0.07409760031549562,ckd,0.05075229052772833,0.0789593016185847,0.15610214049419857,0.03821280962061749,0.3923800398232634
Women,65 and over,Hispanic,50,0.00721908980068797,0.2273767387699258,0.06621163029240369,ckd,0.03666357468749835,0.08714101934957924,0.1596155316490678,0.045781356120302825,0.3510075732767244
Men,18-24,NH White,14,NA,NA,0,ckd,0,0.008744719164322647,0.0592890374456279,0.0012332938550349613,1.0032381269136277
Women,18-24,NH White,19,3.778709111963032e-5,0.2766207025542692,0.03453471908555864,ckd,0.03496666212627004,0.01622996007082915,0.12340600553179004,0.0019296168487325904,1.0938818807563035
Men,25-34,NH White,24,4.702639183169784e-7,0.9720181064103605,0.19723815139456513,ckd,0.16329559684265071,0.1780202333221435,0.5610410308826536,0.03539919613928058,0.9057343283968495
Women,25-34,NH White,50,8.498800563993502e-5,0.15511538127717395,0.021490727157561798,ckd,0.020862557558815272,0.024573676652002798,0.07721907579168374,0.007527380656868869,0.6124875213023395
Men,35-44,NH White,30,2.0208304521129736e-6,0.07915993608811833,0.007607302161999787,ckd,0.007526862462652106,0.004661781457998495,0.03049407032143604,6.969389708962122e-4,0.9716661165611605
Women,35-44,NH White,46,0.005777698592605274,0.21737265040314246,0.0604411393479599,ckd,0.03233134225138732,0.052111672662269085,0.11731634330152556,0.022234979834876104,0.450393443621498
Men,45-54,NH White,23,8.676419931730662e-66,0.9934116122176258,0.0324385324551436,ckd,0.033099371647743805,0.07245002529590253,0.158964878889301,0.03126932089659181,0.4508753901947365
Women,45-54,NH White,35,7.976910633062936e-4,0.08426075774550668,0.017882936408673725,ckd,0.01441846846910841,0.054505036711700705,0.09819163921991796,0.029616781291766606,0.32446233001715313
Men,55-64,NH White,33,3.881162387262862e-4,0.1679903631891847,0.028669715987122774,ckd,0.019779306200018755,0.02049012149818515,0.06418116900990412,0.006340059955446755,0.6058261218273978
Women,55-64,NH White,31,0.006758927842323835,0.18894255903775237,0.05601734618241248,ckd,0.028437644431952402,0.053775122197068675,0.11069493538238616,0.02529134492423772,0.40001095439450624
Men,65 and over,NH White,35,0.03225901632026618,0.43272198290619046,0.16812301396634868,ckd,0.06805907926995435,0.13637285273508348,0.23822309400820996,0.07384654366665648,0.3486300287502228
Women,65 and over,NH White,30,0.01626220717111269,0.5270892832670686,0.17129295729481867,ckd,0.07677317795170714,0.14953783936149972,0.2756060114270504,0.0751533094969113,0.3938171225953845
Men,18-24,Other,13,NA,NA,0,ckd,0,0.004094340435343351,0.03384704425169967,4.8222215642631947e-4,1.0931713173216884
Women,18-24,Other,9,NA,NA,0,ckd,0,0.007629622466055397,0.059227575814672015,9.380188522068765e-4,1.0728482922114448
Men,25-34,Other,19,4.258208032219507e-5,0.8081632484774918,0.14275714813222817,ckd,0.13313054500701635,0.09167576403455087,0.42220953862706195,0.01374856112182404,1.0100358062293853
Women,25-34,Other,27,NA,NA,0,ckd,0,0.011604114200445763,0.04471350259736338,0.002936162202064808,0.7056190060684331
Men,35-44,Other,22,NA,NA,0,ckd,0,0.002177909061636764,0.022520917741748758,2.0673064105055587e-4,1.2024085163102367
Women,35-44,Other,18,1.3850798182677357e-62,0.9980329960218508,0.04191465751999771,ckd,0.04222837106891569,0.024980242582819126,0.06901297967924762,0.008777091957383654,0.5420618899795772
Men,45-54,Other,19,NA,NA,0,ckd,0,0.03512198334418557,0.0895514672127117,0.013291826450540037,0.5071779861562191
Women,45-54,Other,18,1.5619259387756316e-6,0.6053539296109022,0.0668585861619296,ckd,0.055616010503376424,0.026161917278856434,0.07507578993934433,0.00881307426887904,0.564156577054534
Men,55-64,Other,16,NA,NA,0,ckd,0,0.009654457208649794,0.035679644273590806,0.0025619401252328132,0.6805181163439399
Women,55-64,Other,26,2.0376929661423438e-5,0.20169998234343822,0.02349022923497749,ckd,0.024554974174214476,0.025801207300566044,0.07214395142763892,0.008940571024734518,0.5494901706830196
Men,65 and over,Other,20,NA,NA,0,ckd,0,0.0685439907442874,0.14176274376595813,0.03174314182750412,0.4125318055865517
Women,65 and over,Other,22,1.7520332501906263e-8,0.6598258687627527,0.05790133815303908,ckd,0.05653015230526437,0.07573522258699114,0.1658555144300756,0.03266562665918401,0.45228669104573077
Men,Under 18,NH Black,292,NA,NA,0,hbv,0,2.051898532143525e-10,4.6117803562233646e-10,9.129419140555845e-11,0.41319560241637976
Women,Under 18,NH Black,279,NA,NA,0,hbv,0,2.109211038661673e-10,4.783126668059864e-10,9.300968829980338e-11,0.4177528218928172
Men,18-24,NH Black,35,NA,NA,0,hbv,0,1.3807862788518683e-10,3.760038942994931e-10,5.070614364594683e-11,0.5111197034589173
Women,18-24,NH Black,58,NA,NA,0,hbv,0,1.53718342212304e-10,3.618979510323206e-10,6.529279500551523e-11,0.43686531724299055
Men,25-34,NH Black,24,NA,NA,0,hbv,0,1.2717178078185678e-10,3.435345092636915e-10,4.7077255381673884e-11,0.5070240071890837
Women,25-34,NH Black,90,NA,NA,0,hbv,0,1.3760021281494115e-10,3.344896931092051e-10,5.660508815242089e-11,0.4531989369963589
Men,35-44,NH Black,26,NA,NA,0,hbv,0,1.2375377568993253e-10,3.977526380346784e-10,3.8503822552367825e-11,0.5956927767367735
Women,35-44,NH Black,52,NA,NA,0,hbv,0,0.00472272245817705,0.03798095462421472,5.699894924025108e-4,1.0809823815494093
Men,45-54,NH Black,31,9.822886464358519e-5,0.16140422958399014,0.02272901857137959,hbv,0.02056795986652222,0.024562817342330158,0.09361658134744011,0.0061018119290897795,0.7201137713721438
Women,45-54,NH Black,45,0.004185372821623102,0.2520869183532821,0.06378576734783294,hbv,0.04396602028840743,0.023125172230712265,0.12371387758088603,0.003953658676559229,0.9110961256928157
Men,55-64,NH Black,54,0.0026776692270322686,0.12209465282097676,0.03147641062507382,hbv,0.020595916778728632,0.06622203902747875,0.18067989667511555,0.022298111881926555,0.5788256576542756
Women,55-64,NH Black,57,NA,NA,0,hbv,0,0.0031920769899484026,0.025822988216731454,3.8671155891783295e-4,1.0783659299099173
Men,65 and over,NH Black,42,0.001360621857279442,0.2184530585185811,0.044961303644128925,hbv,0.02708546341557361,0.036688352877415495,0.1356971284697617,0.009154278972223498,0.7226764368800371
Women,65 and over,NH Black,57,NA,NA,0,hbv,0,0.007544115380624494,0.06003823889478422,9.038237726306909e-4,1.086018528616558
Men,Under 18,Hispanic,192,NA,NA,0,hbv,0,7.714780754415955e-11,2.7934588132460146e-10,2.1306146272060456e-11,0.6565057225815181
Women,Under 18,Hispanic,196,NA,NA,0,hbv,0,7.93026578713336e-11,3.018505043415452e-10,2.083452389170095e-11,0.6819820374764
Men,18-24,Hispanic,28,NA,NA,0,hbv,0,5.1915156830263736e-11,2.1617216124616413e-10,1.2467764085984124e-11,0.7278013054224916
Women,18-24,Hispanic,40,NA,NA,0,hbv,0,5.7795416755976686e-11,2.400816274048685e-10,1.3913227070481695e-11,0.726579423633985
Men,25-34,Hispanic,17,NA,NA,0,hbv,0,4.781437246840835e-11,2.0487899807581485e-10,1.115885100837129e-11,0.7424081716084769
Women,25-34,Hispanic,34,NA,NA,0,hbv,0,5.173528110449572e-11,2.343438922210212e-10,1.1421416983447384e-11,0.7707538020608964
Men,35-44,Hispanic,16,NA,NA,0,hbv,0,4.652926214305134e-11,2.1932254010570553e-10,9.871179835135152e-12,0.7910665892507852
Women,35-44,Hispanic,37,NA,NA,0,hbv,0,0.001780909758419991,0.01632416063286436,1.9176526245588913e-4,1.1378771812545836
Men,45-54,Hispanic,14,NA,NA,0,hbv,0,0.009378948104380938,0.05383366888483604,0.0015729792599506532,0.9149888361348291
Women,45-54,Hispanic,30,1.0482059984843827e-4,0.22422891126844902,0.031423958281367924,hbv,0.02905676356993155,0.008821967084971146,0.06427078032946473,0.001152029338749991,1.0425845958154438
Men,55-64,Hispanic,32,1.0448204910445136e-5,0.22173728219272704,0.02415729755395776,hbv,0.022892974772951494,0.02597157386642063,0.1172904373512553,0.005322196759209418,0.8194512132327227
Women,55-64,Hispanic,44,NA,NA,0,hbv,0,0.0012025606923410396,0.017989793648728377,7.912516388055947e-5,1.3889549493829634
Men,65 and over,Hispanic,31,NA,NA,0,hbv,0,0.014117386940415658,0.06356039020826937,0.00301190600459328,0.7939102953406124
Women,65 and over,Hispanic,50,NA,NA,0,hbv,0,0.0028498720866762806,0.030970064270916094,2.55513435586316e-4,1.231835283874947
Men,Under 18,NH White,142,NA,NA,0,hbv,0,1.4349774096779843e-10,3.5040576141895267e-10,5.876502023528612e-11,0.4555045479869276
Women,Under 18,NH White,159,NA,NA,0,hbv,0,1.475058413130365e-10,3.415454504394228e-10,6.370447385867665e-11,0.42838184295857734
Men,18-24,NH White,26,NA,NA,0,hbv,0,9.656408865578268e-11,1.9642324948918044e-10,4.747209529268124e-11,0.3622846408474876
Women,18-24,NH White,31,NA,NA,0,hbv,0,1.07501586978553e-10,2.397835384055492e-10,4.8195932376801516e-11,0.40930904315817
Men,25-34,NH White,24,NA,NA,0,hbv,0,8.893647990262323e-11,2.0455714203051654e-10,3.8667422601029484e-11,0.4249695200053973
Women,25-34,NH White,50,NA,NA,0,hbv,0,9.622951323330823e-11,2.053744250944356e-10,4.508895989519783e-11,0.38679214626267266
Men,35-44,NH White,30,NA,NA,0,hbv,0,8.65461277403166e-11,1.9216677770527463e-10,3.8977768768627174e-11,0.40699017675232835
Women,35-44,NH White,46,1.1283004264841908e-5,0.06653311972172726,0.007710225138945983,hbv,0.007637108578405663,0.003307491313590716,0.02832386417065097,3.7764177601615873e-4,1.1086604055556613
Men,45-54,NH White,23,1.4400972591157974e-63,0.9625159290928755,0.02219382616635207,hbv,0.022351159924655802,0.017305595126301886,0.06873291701120843,0.004184316719781839,0.7311105960452267
Women,45-54,NH White,35,NA,NA,0,hbv,0,0.01628561865407862,0.045601710640454755,0.0057034146483911485,0.5407840780069658
Men,55-64,NH White,33,2.9386716028166615e-4,0.4242730224709669,0.06937785692579065,hbv,0.05334631952414728,0.04725261815656484,0.20264505555608844,0.00958580875231305,0.8336876417556807
Women,55-64,NH White,31,NA,NA,0,hbv,0,0.002234495810107011,0.016936668395541147,2.9102427994217054e-4,1.0409936809250229
Men,65 and over,NH White,35,2.6935301242719228e-5,0.22977799740936078,0.027559354336944356,hbv,0.028113217523879058,0.02594385900222045,0.09014000892340669,0.00710983226588151,0.6702201684425274
Women,65 and over,NH White,30,NA,NA,0,hbv,0,0.0052879055886800785,0.04464436118917376,6.043777801544265e-4,1.109038458842151
Men,Under 18,Other,109,NA,NA,0,hbv,0,3.9838290164758317e-10,8.307565221525122e-10,1.9104145686177008e-10,0.37496768160838473
Women,Under 18,Other,87,NA,NA,0,hbv,0,4.0951031476533105e-10,8.751768905903142e-10,1.916169172891838e-10,0.3874887198942137
Men,18-24,Other,21,NA,NA,0,hbv,0,2.680842330854875e-10,6.099321800956379e-10,1.1783138906360878e-10,0.41941920563612467
Women,18-24,Other,17,NA,NA,0,hbv,0,2.9844925687425807e-10,6.225823404997203e-10,1.430685599631231e-10,0.37514769401349324
Men,25-34,Other,19,NA,NA,0,hbv,0,2.46908227895473e-10,4.814118439771814e-10,1.2663517476401876e-10,0.34067279456936345
Women,25-34,Other,27,NA,NA,0,hbv,0,2.671553743681675e-10,5.694287514844767e-10,1.253396388157074e-10,0.3861312037234018
Men,35-44,Other,22,NA,NA,0,hbv,0,2.402720577097773e-10,5.233163756187034e-10,1.1031694094991609e-10,0.3971574769602246
Women,35-44,Other,18,NA,NA,0,hbv,0,0.009128730392859155,0.062095070706081744,0.0012803584524051234,1.0062307449313614
Men,45-54,Other,19,4.014507659426017e-9,0.6041583298466784,0.04664362763057558,hbv,0.04817492934845677,0.046611552384524475,0.16454888963053543,0.011990425685079702,0.7109364853328073
Women,45-54,Other,18,1.0318448033646542e-10,0.47325368955725355,0.027840617818072146,hbv,0.031831771302817086,0.04394154410119287,0.14894775485832606,0.011925963662862462,0.682196686871076
Men,55-64,Other,16,5.585956347653502e-59,0.9999817146408252,0.07521569393483522,hbv,0.07304442474980424,0.12102626656511167,0.2612119472969102,0.050892046794855206,0.4811662258476673
Women,55-64,Other,26,6.689260932865667e-5,0.14397726949501277,0.019440282270275153,hbv,0.01816667086349698,0.006178952777377995,0.04702395860041111,7.827734389654799e-4,1.0568948390559825
Men,65 and over,Other,20,2.687979571568797e-8,0.7510006063535701,0.07468288269459047,hbv,0.07225066654318804,0.06885323528118872,0.23235982643936806,0.017743287238095908,0.7190977744805752
Women,65 and over,Other,22,1.6451391762076675e-10,0.7020402473698513,0.05157208126157983,hbv,0.05754907194989749,0.014543844653269168,0.12936105449438762,0.001463801532543387,1.178244499637854
Men,Under 18,NH Black,292,NA,NA,0,hcv,0,3.89446224970645e-10,7.33187493831606e-10,2.0686163279576903e-10,0.32279963820786484
Women,Under 18,NH Black,279,NA,NA,0,hcv,0,3.7142685206329374e-10,6.993141061379555e-10,1.972760240377926e-10,0.32283657543687705
Men,18-24,NH Black,35,NA,NA,0,hcv,0,2.363902318046923e-10,5.297220215640972e-10,1.0548993511465302e-10,0.41167512461567013
Women,18-24,NH Black,58,NA,NA,0,hcv,0,2.6635476411047855e-10,5.199301789743966e-10,1.3645074516643594e-10,0.3412641339478503
Men,25-34,NH Black,24,NA,NA,0,hcv,0,0.018350335749430333,0.1073355210825715,0.0028977403608845195,0.9496784039623355
Women,25-34,NH Black,90,NA,NA,0,hcv,0,0.01943995222533618,0.07088499495773037,0.005125373438340989,0.6875737532608827
Men,35-44,NH Black,26,6.713553321899324e-6,0.23251013464087833,0.02432077025569279,hcv,0.0239526542254041,0.01701758214382222,0.05675228559756862,0.004956654139015774,0.6355786049743837
Women,35-44,NH Black,52,NA,NA,0,hcv,0,0.008156951036064418,0.05298440130592303,0.0012074084643323468,0.9782712498882278
Men,45-54,NH Black,31,0.007816040140705216,0.33957789134908745,0.09539656667288048,hcv,0.05295051012981388,0.045952385102787915,0.13920017325861528,0.014143346529732037,0.61794953430622
Women,45-54,NH Black,45,6.058031764160316e-5,0.05799693269784456,0.008417949105340343,hcv,0.00843237046387421,0.03474846924604607,0.1419179701258968,0.007774849740986532,0.7779748644093541
Men,55-64,NH Black,54,0.018949495137764373,0.3018805616458372,0.10742645122953004,hcv,0.053699470547822994,0.20415030976763926,0.38585147219204524,0.09480542299894976,0.45703365780310096
Women,55-64,NH Black,57,5.26870381617775e-4,0.3558788475179926,0.06200321024880665,hcv,0.0568831104597581,0.05200116739293677,0.1397222865538569,0.01818910856214439,0.5538309053265437
Men,65 and over,NH Black,42,0.0011137026079843992,0.23944933168426752,0.04721012948411703,hcv,0.02956349203781338,0.006892599426852357,0.04003511708486085,0.001153683173269676,0.9149406996377891
Women,65 and over,NH Black,57,0.044221978556560224,0.30112565294004623,0.13848061969079078,hcv,0.04293441169400367,0.03321416028789696,0.09098678342261388,0.01165431491241869,0.5455994783633014
Men,Under 18,Hispanic,192,NA,NA,0,hcv,0,2.53676598253025e-10,5.911213123907201e-10,1.0886397620915938e-10,0.4316207078921398
Women,Under 18,Hispanic,196,NA,NA,0,hcv,0,2.419391800183868e-10,5.827393191858021e-10,1.0044725812922128e-10,0.4485049645785253
Men,18-24,Hispanic,28,NA,NA,0,hcv,0,1.539793327455638e-10,4.5984957912509185e-10,5.155954465165585e-11,0.5582148715912657
Women,18-24,Hispanic,40,NA,NA,0,hcv,0,1.734975618013158e-10,4.336035265312946e-10,6.942149245673201e-11,0.4673387084925091
Men,25-34,Hispanic,17,NA,NA,0,hcv,0,0.012029959747393019,0.07793414088398548,0.001751111593101532,0.9885383995047045
Women,25-34,Hispanic,34,NA,NA,0,hcv,0,0.012749155544122266,0.05572321776653276,0.0028180283259592403,0.775237045860087
Men,35-44,Hispanic,16,NA,NA,0,hcv,0,0.011151029842566272,0.04543126755060088,0.002664793288864326,0.7346822169204952
Women,35-44,Hispanic,37,NA,NA,0,hcv,0,0.005328408622415368,0.0380769562605905,7.244342720127698e-4,1.0204446821914406
Men,45-54,Hispanic,14,2.690609978254156e-33,0.9999963554083678,0.14308249796679384,hcv,0.10127487866119526,0.030419684422871133,0.11722462383168926,0.007358101833286858,0.7361332080760878
Women,45-54,Hispanic,30,8.613004193810139e-5,0.21864097083721357,0.029924136550924837,hcv,0.02807113641568414,0.022911936303063433,0.11247824121085971,0.004320026740816066,0.8608553733194952
Men,55-64,Hispanic,32,5.913835011963651e-4,0.2434570869919368,0.04324573651159356,hcv,0.029603238882342498,0.1431684570271724,0.3247910846094121,0.05485739804836153,0.5394891923171319
Women,55-64,Hispanic,44,0.001458368743368058,0.36241551461544874,0.07373352392567611,hcv,0.060692598403507866,0.034497805005338396,0.11637023160478298,0.009600968434645113,0.6655690033534969
Men,65 and over,Hispanic,31,NA,NA,0,hcv,0,0.004500500085819081,0.03093606933002164,6.398067233547169e-4,0.9972878713769497
Women,65 and over,Hispanic,50,1.246114677352573e-4,0.16561933424392938,0.024025429349726773,hcv,0.022670195897719465,0.021888414593961562,0.06204767991711404,0.00751331694271643,0.5530052025851555
Men,Under 18,NH White,142,NA,NA,0,hcv,0,7.993764367286624e-10,1.2840824576442012e-9,4.976336867434697e-10,0.24182471520590756
Women,Under 18,NH White,159,NA,NA,0,hcv,0,7.623899128453775e-10,1.2267785771285356e-9,4.737924104174397e-10,0.24270285191097846
Men,18-24,NH White,26,NA,NA,0,hcv,0,4.852140529085482e-10,7.151767911585558e-10,3.291950746068532e-10,0.19793202120330539
Women,18-24,NH White,31,NA,NA,0,hcv,0,5.467191838461744e-10,8.822762672294238e-10,3.387848875113797e-10,0.2441728234169771
Men,25-34,NH White,24,4.0655084432706956e-8,0.6074604125153367,0.05323582821046026,hcv,0.05024106130519587,0.03695210824091329,0.23110474509630247,0.004874374589132344,1.0502217159416787
Women,25-34,NH White,50,0.003065645623106079,0.2261398639945288,0.05429673843322341,hcv,0.03565432420261702,0.03910227349580497,0.1503177308954948,0.009273629766616387,0.7497975274918351
Men,35-44,NH White,30,2.8964965065255435e-4,0.24265813723026664,0.038808350006705114,hcv,0.02872427093573207,0.03431556709478887,0.12814610426256723,0.008517949493447582,0.7243945343237821
Women,35-44,NH White,46,6.185621058144632e-5,0.17513160267268535,0.023181934809659698,hcv,0.02164143585061622,0.016600408266110065,0.10791638573543136,0.0023500324230427416,1.0048067826332756
Men,45-54,NH White,23,1.4400972591157974e-63,0.9625159290928755,0.02219382616635207,hcv,0.022351159924655802,0.08996996999103642,0.2158921944813584,0.03428251194412256,0.5225781313857347
Women,45-54,NH White,35,0.002745609819963613,0.34457329058046193,0.07825284943246381,hcv,0.06393069690055647,0.06880790031181767,0.25720022081611804,0.015523999064409807,0.7880631253180143
Men,55-64,NH White,33,0.0129918754905124,0.9430918138879908,0.3989838807420638,hcv,0.19023040781104977,0.34491937500797776,0.6818092951258029,0.11455915335034543,0.7161084211560086
Women,55-64,NH White,31,0.001697110659646553,0.3589687058690276,0.07488264082214062,hcv,0.053881412915474956,0.10119825877485171,0.2431458839155727,0.03796256064717797,0.5349445305299542
Men,65 and over,NH White,35,NA,NA,0,hcv,0,0.01404582954985383,0.05601253570312898,0.003408626749294435,0.7279455096074283
Women,65 and over,NH White,30,NA,NA,0,hcv,0,0.06587233734048985,0.13913614128776558,0.02984885006898123,0.4231766749873725
Men,Under 18,Other,109,NA,NA,0,hcv,0,1.3589521455624598e-10,3.174073189624348e-10,5.8182367683704425e-11,0.4328149732614365
Women,Under 18,Other,87,NA,NA,0,hcv,0,1.2960744902920762e-10,2.8743012072288056e-10,5.844234696125841e-11,0.4063694636408424
Men,18-24,Other,21,NA,NA,0,hcv,0,8.248712969119082e-11,2.391591700489931e-10,2.8450201439481204e-11,0.5431156107240181
Women,18-24,Other,17,NA,NA,0,hcv,0,9.294309584513081e-11,2.2290377053339053e-10,3.875402844892032e-11,0.4463106107234102
Men,25-34,Other,19,NA,NA,0,hcv,0,0.006480678469388427,0.04226749922812505,9.631800570217362e-4,0.9754660068324894
Women,25-34,Other,27,NA,NA,0,hcv,0,0.00687042462749278,0.031012796122927188,0.0014930815347571175,0.7815366681724856
Men,35-44,Other,22,NA,NA,0,hcv,0,0.006004724561907033,0.023387548260510416,0.0015215764808427662,0.7027168517134597
Women,35-44,Other,18,NA,NA,0,hcv,0,0.0028615216881903395,0.021995485139313323,3.6604244523461157e-4,1.050457587138514
Men,45-54,Other,19,NA,NA,0,hcv,0,0.016529361257795555,0.05347417677222698,0.004975212157795002,0.6185573462005434
Women,45-54,Other,18,NA,NA,0,hcv,0,0.012405957955150277,0.05599915440386338,0.0026530221604407493,0.7920066022900726
Men,55-64,Other,16,1.365056058180311e-29,0.999990097261735,0.14775254463127876,hcv,0.0968167756574796,0.08215691048286668,0.21183131020243887,0.028948275907442696,0.5609662259235535
Women,55-64,Other,26,0.0016360123277131408,0.22299229215604977,0.04738421277748278,hcv,0.03258136255185342,0.018781390062851358,0.058503710395676686,0.005861462939266427,0.6008011215247332
Men,65 and over,Other,20,NA,NA,0,hcv,0,0.002415977976507726,0.014255789017340056,4.054000987916091e-4,0.9117506232679015
Women,65 and over,Other,22,NA,NA,0,hcv,0,0.011846069168180711,0.03232431927610987,0.004283860388142973,0.5228490280819433
Men,Under 18,NH Black,503,NA,NA,0,dep,0,2.4265210941004572e-9,3.173841049733492e-9,1.8551668236734194e-9,0.13698412920857833
Women,Under 18,NH Black,464,NA,NA,0,dep,0,2.453555410581414e-9,3.1197667669365355e-9,1.929610320789522e-9,0.1225635199461978
Men,18-24,NH Black,35,0.049705468582134454,0.5778778651306726,0.2459901574856971,dep,0.09354482018892955,0.19757903277125946,0.2958591971566186,0.1260995592656336,0.2726580777037048
Women,18-24,NH Black,58,0.1103462858558245,0.422495844409682,0.24193851765899427,dep,0.06326477636216557,0.24256747978953203,0.34689351317923867,0.16184191675460716,0.2581334052687932
Men,25-34,NH Black,24,0.04212300747018505,0.6362558271901729,0.2602934612021768,dep,0.10898880807283004,0.24210814101567432,0.3540523547809192,0.15695796635429277,0.2754553474173458
Women,25-34,NH Black,90,0.07483502774606159,0.33204086431604385,0.17781427550589624,dep,0.053384918171522175,0.2353399912323407,0.29362143911989463,0.1855875580862526,0.1533395925865665
Men,35-44,NH Black,26,0.027277926440271646,0.6235889140335322,0.23007290544178363,dep,0.0943041563928115,0.15883973175233673,0.2526372956787938,0.0954204601041461,0.2970925632111942
Women,35-44,NH Black,52,0.19817447940234095,0.47603343904823536,0.3259956173170343,dep,0.06077498319513617,0.2907918696861089,0.39977139630287434,0.2015451835299442,0.24751655687161317
Men,45-54,NH Black,31,0.142729985960149,0.7276359966651877,0.4120599829558053,dep,0.10740158163705843,0.29805383599521523,0.4303966665340598,0.19264222166707345,0.29406133974451465
Women,45-54,NH Black,45,0.15824266988743843,0.5979986288054,0.3559966891869148,dep,0.09126366116185776,0.443816429962184,0.5601953722508324,0.33329276513174555,0.23859743134162925
Men,55-64,NH Black,54,0.10443296760182409,0.36212088625597405,0.2130126507443021,dep,0.052224218755344914,0.34482622639656557,0.5408443628922831,0.1903924536269444,0.4110290972536835
Women,55-64,NH Black,57,0.17011767406413708,0.622084701105215,0.3764615814238699,dep,0.09032441592973786,0.3922292301226296,0.5296766563624572,0.26997508026103356,0.2840856603099473
Men,65 and over,NH Black,42,0.05001971122221027,0.5780626644696303,0.24647442279754336,dep,0.0810891577343668,0.15699114156108573,0.2283406979744389,0.10490526658268955,0.23627156327016716
Women,65 and over,NH Black,57,0.1742418998954454,0.6088456048620257,0.3727977180010889,dep,0.07642336043740638,0.2844335270424423,0.40553768075001634,0.18805375208858033,0.27558229986553745
Men,Under 18,Hispanic,367,NA,NA,0,dep,0,3.1190682145542093e-9,3.9893541157302445e-9,2.438636993099962e-9,0.1255609984762975
Women,Under 18,Hispanic,349,NA,NA,0,dep,0,3.153818325477997e-9,4.088607278086922e-9,2.432752610235794e-9,0.1324465707877064
Men,18-24,Hispanic,28,4.534892941925196e-18,0.9999779628505736,0.21167210717522006,dep,0.09930825455319423,0.2404125645997938,0.33931678189751924,0.16321516705705877,0.2469834278814361
Women,18-24,Hispanic,40,0.1999316863788404,0.5810127050825644,0.37656221638652815,dep,0.07660470031182569,0.2916097334642954,0.4294636472889503,0.18375401350793852,0.3079337179637041
Men,25-34,Hispanic,17,3.094411560587669e-16,0.9999995989406721,0.2920080846473444,dep,0.12695321203132345,0.2910932166822648,0.40524969296783286,0.19836848240308178,0.25839364143663424
Women,25-34,Hispanic,34,0.028088126115409003,0.3482556272037993,0.13477197392750132,dep,0.04672663752273346,0.2834678637535647,0.3712775716173961,0.20950549146293668,0.20438356271827926
Men,35-44,Hispanic,16,0.06002054178868911,0.8983915494974999,0.4505852006883503,dep,0.1170680994020487,0.19531916328059878,0.34320622534193873,0.1013254846481995,0.39121749181859583
Women,35-44,Hispanic,37,0.03975360098454824,0.7357250701368003,0.3042815408553378,dep,0.08425288271628179,0.34514131425875255,0.46660410271420766,0.2410103461029531,0.2585163614878773
Men,45-54,Hispanic,14,7.408978505785109e-7,0.9999998598085389,0.5278444025702526,dep,0.11939222257010113,0.35308482436683136,0.47676406749289757,0.24638189605340846,0.261482423701908
Women,45-54,Hispanic,30,0.23786406272669267,0.706820372651872,0.4669759644891486,dep,0.0847654989000216,0.50634674781738,0.6332105632695305,0.37866032289171264,0.26563075542063397
Men,55-64,Hispanic,32,0.05310496328666518,0.5295209332463242,0.23070122841792495,dep,0.07305659319717159,0.4035285397277018,0.5796838714447947,0.24916994713740648,0.3634046215091601
Women,55-64,Hispanic,44,0.17143529505695154,0.5743927682608069,0.3540739170611149,dep,0.08068477794183039,0.45341658300974214,0.5826292092182961,0.3301896976652678,0.26554140406638116
Men,65 and over,Hispanic,31,0.042819998465173675,0.621242130954643,0.2547920353000116,dep,0.06725004136921525,0.19314350584606033,0.28357608759841396,0.1264594170942611,0.2565969525166075
Women,65 and over,Hispanic,50,0.20442157778378847,0.548483474419132,0.3637757966944393,dep,0.06533399303472909,0.33816122721318975,0.46166550471350026,0.23337361591549147,0.26421898925136345
Men,Under 18,NH White,288,NA,NA,0,dep,0,4.039732735149744e-9,4.9350292563521964e-9,3.306857917363709e-9,0.10213456398289461
Women,Under 18,NH White,297,NA,NA,0,dep,0,4.084740138278403e-9,5.167328314425061e-9,3.228961075862041e-9,0.11994999816500633
Men,18-24,NH White,26,0.02499106321810452,0.7159615150526377,0.266311200513276,dep,0.08428276936018865,0.29074371859407727,0.4115338155733107,0.19373500186802114,0.27252871783503346
Women,18-24,NH White,31,0.061205612879516987,0.6732974271439983,0.30334800819891833,dep,0.11221869589173926,0.34775216263048675,0.4607351304864718,0.24964892209405407,0.24059167753681585
Men,25-34,NH White,24,0.018931002688053453,0.7815462826321469,0.28542494352202713,dep,0.09733806790343286,0.347184940335469,0.5038312757384359,0.21785713123076686,0.32998650663446955
Women,25-34,NH White,50,0.25782853955076773,0.5548250219705024,0.3995884852608108,dep,0.056579830641284384,0.3387924495366005,0.4180585781464116,0.2676434137766876,0.17241739140889553
Men,35-44,NH White,30,0.044836831485508016,0.3563852451216202,0.15787885952819736,dep,0.04650374599716683,0.23918252090483336,0.38766808640566947,0.13502879950571703,0.35717063833193713
Women,35-44,NH White,46,0.1863873088515665,0.6787861579361731,0.41744925876444766,dep,0.08775928624054372,0.4056876974226967,0.5255005758122634,0.2961428515611099,0.24689850579991
Men,45-54,NH White,23,6.403789587299413e-17,0.9999999883862474,0.32886411123747183,dep,0.13928789756873944,0.4141434313025516,0.5726700192061874,0.2716082155986793,0.32634058569195473
Women,45-54,NH White,35,0.3280793456055886,0.8248312237585295,0.594173232528406,dep,0.10964597663511462,0.5705345868347944,0.7129091589723984,0.4154475461225844,0.31915011838266316
Men,55-64,NH White,33,0.0888483545849356,0.9660510508978722,0.5804601415423463,dep,0.16488256767021717,0.46701299692390164,0.681727799931355,0.26385966776666536,0.45606114430174033
Women,55-64,NH White,31,0.20214893116362742,0.8661438124897303,0.5516294703353561,dep,0.12481718551990455,0.5179344541053572,0.6614489951846686,0.3713987325001492,0.3051022952214917
Men,65 and over,NH White,35,0.05880183365236976,0.4010338672181918,0.18842774924626263,dep,0.05888865484094557,0.23666196867877387,0.331942882831886,0.16209454393476536,0.2406459381206543
Women,65 and over,NH White,30,0.06961833686628566,0.737767084276713,0.34722498591294587,dep,0.10946170822232056,0.39822775152837014,0.5405943299436444,0.2712192402184254,0.29367400864476917
Men,Under 18,Other,180,NA,NA,0,dep,0,3.0297754260619862e-9,4.146291180279287e-9,2.2139156973029797e-9,0.1600670965340107
Women,Under 18,Other,148,NA,NA,0,dep,0,3.0635307096585578e-9,4.300656739757252e-9,2.182276097257387e-9,0.1730642336402962
Men,18-24,Other,21,1.2277674478283697e-6,0.998917875624085,0.3341118404127553,dep,0.08411432418973275,0.23514844400600013,0.34352220065327627,0.1529961578015048,0.2713456202299889
Women,18-24,Other,17,2.2409556497892028e-14,0.996550107139812,0.15282537881342767,dep,0.06772127502521412,0.2856461552934209,0.43548302846625975,0.17168465120577284,0.33526635053304804
Men,25-34,Other,19,0.07792985352257985,0.830539318613539,0.41608594205647137,dep,0.1319205971498445,0.28513594980156143,0.4146752722422415,0.18338476371974977,0.293094801835589
Women,25-34,Other,27,5.883988015798694e-17,0.9999999994535909,0.363337032481116,dep,0.14879958846053232,0.2776055406484145,0.3756346070293133,0.19708378780133373,0.22870382655901064
Men,35-44,Other,22,1.635391167659838e-13,0.9845517692120929,0.1240979843943514,dep,0.0528898244260441,0.1907944064403028,0.3400995457301757,0.09736402885981767,0.3989899514465235
Women,35-44,Other,18,6.673992618580473e-19,0.9999999979797977,0.32357774988682253,dep,0.14838681995535463,0.33860626995785637,0.4601001180130212,0.2352171040525118,0.259990353333799
Men,45-54,Other,19,0.004028561672219314,0.7669250715101661,0.2148128511222697,dep,0.09707881821641645,0.34647895250665667,0.4947772125801069,0.22300955708200768,0.31309797604539363
Women,45-54,Other,18,0.11932117772693332,0.9428699675317838,0.5704657092243712,dep,0.11243762773317671,0.4990856377021294,0.6284341068578607,0.3698594390250214,0.2699857850096255
Men,55-64,Other,16,3.633875819416438e-15,0.9999992152504625,0.29716714584739945,dep,0.12481545871716304,0.3965574333232008,0.6028948119971383,0.22145601235411744,0.4272382206063866
Women,55-64,Other,26,0.13145285977130838,0.8407427087031204,0.47725680919886365,dep,0.13686723830666225,0.4462283921623415,0.6061720707090139,0.29669360440486137,0.3301954731025712
Men,65 and over,Other,20,3.4637311222268847e-4,0.6861032393725246,0.13109396576183702,dep,0.07720928362591237,0.1886573336525034,0.27562851190192134,0.12441538395664412,0.25128410204361
Women,65 and over,Other,22,0.01369326372765153,0.7520069782224776,0.2540065318701065,dep,0.09286257749188843,0.3316914046278849,0.47987240771101797,0.2107291130809178,0.3163278041735242
